Unprovoked,swimming,,,,,,,,,,,,,,,,,,
Provoked,fishing,,,,,,,,,,,,,,,,,,
Unprovoked,snorkeling,,,,,,,,,,,,,,,,,,
Unprovoked,surfing,,,,,,,,,,,,,,,,,,
Unprovoked,standing,,,,,,,,,,,,,,,,,,
Unprovoked,boogie,boarding,,,,,,,,,,,,,,,,,
Unprovoked,wading,,,,,,,,,,,,,,,,,,
Unprovoked,boogie,boarding,,,,,,,,,,,,,,,,,
Unprovoked,stand,up,paddleboarding,,,,,,,,,,,,,,,,
Unprovoked,surfing,,,,,,,,,,,,,,,,,,
Unprovoked,swimming,,,,,,,,,,,,,,,,,,
Unprovoked,walking,in,surf,,,,,,,,,,,,,,,,
Provoked,fishing,sharks,,,,,,,,,,,,,,,,,
Unprovoked,wading,,,,,,,,,,,,,,,,,,
Unprovoked,standing,or,boogie,boardin,,,,,,,,,,,,,,,
Unprovoked,surfing,,,,,,,,,,,,,,,,,,
Provoked,fishing,,,,,,,,,,,,,,,,,,
Unprovoked,surfing,,,,,,,,,,,,,,,,,,
Unprovoked,surfing,,,,,,,,,,,,,,,,,,
Unprovoked,surfing,,,,,,,,,,,,,,,,,,
Provoked,diving,,,,,,,,,,,,,,,,,,
Unprovoked,surfing,,,,,,,,,,,,,,,,,,
Unprovoked,swimming,,,,,,,,,,,,,,,,,,
Unprovoked,boarding,,,,,,,,,,,,,,,,,,
Unprovoked,surfing,,,,,,,,,,,,,,,,,,
Unprovoked,surfing,,,,,,,,,,,,,,,,,,
Unprovoked,in,diving,seabirds,,,,,,,,,,,,,,,,
Unprovoked,surfing,,,,,,,,,,,,,,,,,,
Provoked,surfing,,,,,,,,,,,,,,,,,,
Unprovoked,boarding,,,,,,,,,,,,,,,,,,
Unprovoked,surfing,,,,,,,,,,,,,,,,,,
Unprovoked,swimming,wading,,,,,,,,,,,,,,,,,
Unprovoked,swimming,,,,,,,,,,,,,,,,,,
Unprovoked,standing,,,,,,,,,,,,,,,,,,
Unprovoked,wading,,,,,,,,,,,,,,,,,,
Unprovoked,surfing,,,,,,,,,,,,,,,,,,
Unprovoked,surfing,,,,,,,,,,,,,,,,,,
Unprovoked,surfing,,,,,,,,,,,,,,,,,,
Unprovoked,boogie,boarding,,,,,,,,,,,,,,,,,
Unprovoked,spearfishing,night,diving,,,,,,,,,,,,,,,,
Unprovoked,boarding,,,,,,,,,,,,,,,,,,
Unprovoked,swimming,,,,,,,,,,,,,,,,,,
Unprovoked,standing,,,,,,,,,,,,,,,,,,
Unprovoked,diving,diving,ascending,using,scooter,,,,,,,,,,,,,,
Unprovoked,swimming,,,,,,,,,,,,,,,,,,
Unprovoked,free,diving,abalone,ascending,,,,,,,,,,,,,,,
Unprovoked,surfing,sitting,his,board,,,,,,,,,,,,,,,
Unprovoked,diving,diving,spearfishing,,,,,,,,,,,,,,,,
Unprovoked,surfing,,,,,,,,,,,,,,,,,,
Unprovoked,surfing,,,,,,,,,,,,,,,,,,
Provoked,fishing,,,,,,,,,,,,,,,,,,
Unprovoked,swimming,,,,,,,,,,,,,,,,,,
Unprovoked,wading,,,,,,,,,,,,,,,,,,
Unprovoked,surfing,,,,,,,,,,,,,,,,,,
Unprovoked,skindiving,,,,,,,,,,,,,,,,,,
Unprovoked,standing,,,,,,,,,,,,,,,,,,
Unprovoked,floating,in,inner,tube,,,,,,,,,,,,,,,
Unprovoked,swimming,,,,,,,,,,,,,,,,,,
Provoked,holding,leader,dangling,it,above,,,,,,,,,,,,,,
Unprovoked,surfing,treading,,,,,,,,,,,,,,,,,
Unprovoked,surfing,,,,,,,,,,,,,,,,,,
Unprovoked,standing,,,,,,,,,,,,,,,,,,
Unprovoked,surfing,,,,,,,,,,,,,,,,,,
Unprovoked,standing,,,,,,,,,,,,,,,,,,
Unprovoked,snorkeling,,,,,,,,,,,,,,,,,,
Unprovoked,kayak,fishing,,,,,,,,,,,,,,,,,
Unprovoked,boogie,boarding,,,,,,,,,,,,,,,,,
Unprovoked,swimming,,,,,,,,,,,,,,,,,,
Unprovoked,surfing,,,,,,,,,,,,,,,,,,
Unprovoked,surfing,,,,,,,,,,,,,,,,,,
Unprovoked,surfing,,,,,,,,,,,,,,,,,,
Unprovoked,swimming,,,,,,,,,,,,,,,,,,
Unprovoked,wading,,,,,,,,,,,,,,,,,,
Provoked,fishing,,,,,,,,,,,,,,,,,,
Unprovoked,surfing,,,,,,,,,,,,,,,,,,
Unprovoked,paddle,boarding,,,,,,,,,,,,,,,,,
Unprovoked,swimming,,,,,,,,,,,,,,,,,,
Unprovoked,attempting,rescue,a,,,,,,,,,,,,,,,,
Unprovoked,surfing,,,,,,,,,,,,,,,,,,
Unprovoked,kayaking,fishing,,,,,,,,,,,,,,,,,
Unprovoked,wading,,,,,,,,,,,,,,,,,,
Unprovoked,floating,,,,,,,,,,,,,,,,,,
Unprovoked,surfing,,,,,,,,,,,,,,,,,,
Unprovoked,surfing,,,,,,,,,,,,,,,,,,
Unprovoked,surfing,,,,,,,,,,,,,,,,,,
Unprovoked,snorkeling,,,,,,,,,,,,,,,,,,
Unprovoked,surfing,,,,,,,,,,,,,,,,,,
Unprovoked,diving,diving,,,,,,,,,,,,,,,,,
Unprovoked,surfing,,,,,,,,,,,,,,,,,,
Unprovoked,wading,,,,,,,,,,,,,,,,,,
Unprovoked,surfing,,,,,,,,,,,,,,,,,,
Unprovoked,surfing,,,,,,,,,,,,,,,,,,
Unprovoked,standing,stepped,,,,,,,,,,,,,,,,,
Unprovoked,walking,,,,,,,,,,,,,,,,,,
Unprovoked,surfing,,,,,,,,,,,,,,,,,,
Unprovoked,swimming,,,,,,,,,,,,,,,,,,
Unprovoked,surfing,,,,,,,,,,,,,,,,,,
Unprovoked,swimming,,,,,,,,,,,,,,,,,,
Unprovoked,surfing,,,,,,,,,,,,,,,,,,
Unprovoked,splashing,wading,,,,,,,,,,,,,,,,,
Unprovoked,surfing,lying,prone,his,board,,,,,,,,,,,,,,
Unprovoked,wading,,,,,,,,,,,,,,,,,,
Unprovoked,swimming,,,,,,,,,,,,,,,,,,
Unprovoked,diving,diving,submerged,,,,,,,,,,,,,,,,
Unprovoked,snorkeling,,,,,,,,,,,,,,,,,,
Unprovoked,swimming,,,,,,,,,,,,,,,,,,
Unprovoked,surfing,,,,,,,,,,,,,,,,,,
Unprovoked,wade,fishing,,,,,,,,,,,,,,,,,
Unprovoked,swimming,,,,,,,,,,,,,,,,,,
Unprovoked,sittting,in,his,child,,,,,,,,,,,,,,,
Provoked,fishing,,,,,,,,,,,,,,,,,,
Unprovoked,free,diving,spearfishing,submerged,,,,,,,,,,,,,,,
Provoked,fishing,,,,,,,,,,,,,,,,,,
Unprovoked,surfing,,,,,,,,,,,,,,,,,,
Unprovoked,resting,board,,,,,,,,,,,,,,,,,
Unprovoked,surfing,,,,,,,,,,,,,,,,,,
Unprovoked,diving,diving,submerged,,,,,,,,,,,,,,,,
Unprovoked,fishing,,,,,,,,,,,,,,,,,,
Unprovoked,wading,,,,,,,,,,,,,,,,,,
Unprovoked,surfing,,,,,,,,,,,,,,,,,,
Unprovoked,free,diving,abalone,,,,,,,,,,,,,,,,
Unprovoked,clamming,,,,,,,,,,,,,,,,,,
Unprovoked,fishing,,,,,,,,,,,,,,,,,,
Unprovoked,surfing,,,,,,,,,,,,,,,,,,
Unprovoked,rolled,off,raft,,,,,,,,,,,,,,,,
Unprovoked,spearfishing,,,,,,,,,,,,,,,,,,
Provoked,free,diving,,,,,,,,,,,,,,,,,
Provoked,spearfishing,diving,,,,,,,,,,,,,,,,,
Unprovoked,swimming,,,,,,,,,,,,,,,,,,
Unprovoked,spearfishing,,,,,,,,,,,,,,,,,,
Unprovoked,spearfishing,,,,,,,,,,,,,,,,,,
Unprovoked,surfing,,,,,,,,,,,,,,,,,,
Unprovoked,swimming,,,,,,,,,,,,,,,,,,
Unprovoked,snorkeling,,,,,,,,,,,,,,,,,,
Unprovoked,surfing,,,,,,,,,,,,,,,,,,
Unprovoked,stand,up,paddle,boarding,,,,,,,,,,,,,,,
Unprovoked,surfing,,,,,,,,,,,,,,,,,,
Unprovoked,surfing,,,,,,,,,,,,,,,,,,
Unprovoked,skimboarding,,,,,,,,,,,,,,,,,,
Unprovoked,surfing,,,,,,,,,,,,,,,,,,
Unprovoked,surfing,,,,,,,,,,,,,,,,,,
Unprovoked,swimming,,,,,,,,,,,,,,,,,,
Unprovoked,swimming,,,,,,,,,,,,,,,,,,
Unprovoked,boarding,,,,,,,,,,,,,,,,,,
Unprovoked,surfing,,,,,,,,,,,,,,,,,,
Unprovoked,surfing,,,,,,,,,,,,,,,,,,
Unprovoked,surfing,,,,,,,,,,,,,,,,,,
Unprovoked,surfing,,,,,,,,,,,,,,,,,,
Unprovoked,fishing,,,,,,,,,,,,,,,,,,
Unprovoked,paddle,boarding,,,,,,,,,,,,,,,,,
Unprovoked,surfing,,,,,,,,,,,,,,,,,,
Unprovoked,paddle,boarding,,,,,,,,,,,,,,,,,
Unprovoked,surfing,,,,,,,,,,,,,,,,,,
Unprovoked,swimming,,,,,,,,,,,,,,,,,,
Unprovoked,surfing,,,,,,,,,,,,,,,,,,
Unprovoked,walking,out,of,after,surfing,,,,,,,,,,,,,,
Unprovoked,swimming,,,,,,,,,,,,,,,,,,
Unprovoked,surfing,,,,,,,,,,,,,,,,,,
Unprovoked,walking,,,,,,,,,,,,,,,,,,
Unprovoked,surfing,,,,,,,,,,,,,,,,,,
Unprovoked,wading,,,,,,,,,,,,,,,,,,
Unprovoked,jumping,,,,,,,,,,,,,,,,,,
Unprovoked,swimming,,,,,,,,,,,,,,,,,,
Unprovoked,surfing,,,,,,,,,,,,,,,,,,
Unprovoked,surfing,,,,,,,,,,,,,,,,,,
Unprovoked,swimming,,,,,,,,,,,,,,,,,,
Unprovoked,surfing,,,,,,,,,,,,,,,,,,
Provoked,fishing,removing,from,his,line,,,,,,,,,,,,,,
Unprovoked,surfing,,,,,,,,,,,,,,,,,,
Unprovoked,swimming,,,,,,,,,,,,,,,,,,
Unprovoked,boarding,,,,,,,,,,,,,,,,,,
Unprovoked,swimming,,,,,,,,,,,,,,,,,,
Unprovoked,swimming,,,,,,,,,,,,,,,,,,
Unprovoked,surfing,,,,,,,,,,,,,,,,,,
Unprovoked,surfing,,,,,,,,,,,,,,,,,,
Unprovoked,swimming,,,,,,,,,,,,,,,,,,
Unprovoked,standing,in,waist,deep,helping,his,father,tend,a,gill,net,containing,dead,fish,,,,,
Unprovoked,wading,,,,,,,,,,,,,,,,,,
Unprovoked,boarding,,,,,,,,,,,,,,,,,,
Unprovoked,playing,in,knee,deep,,,,,,,,,,,,,,,
Unprovoked,skindiving,,,,,,,,,,,,,,,,,,
Unprovoked,surfing,,,,,,,,,,,,,,,,,,
Unprovoked,commercial,spearfishing,,,,,,,,,,,,,,,,,
Unprovoked,diving,abalone,hookah,submerged,,,,,,,,,,,,,,,
Unprovoked,surfing,,,,,,,,,,,,,,,,,,
Unprovoked,wading,,,,,,,,,,,,,,,,,,
Unprovoked,swimming,,,,,,,,,,,,,,,,,,
Unprovoked,swimming,,,,,,,,,,,,,,,,,,
Provoked,diving,abalone,,,,,,,,,,,,,,,,,
Unprovoked,diving,diving,,,,,,,,,,,,,,,,,
Unprovoked,walking,,,,,,,,,,,,,,,,,,
Provoked,spearishing,,,,,,,,,,,,,,,,,,
Unprovoked,snorkeling,,,,,,,,,,,,,,,,,,
Unprovoked,surfing,,,,,,,,,,,,,,,,,,
Unprovoked,surfing,,,,,,,,,,,,,,,,,,
Unprovoked,swimming,,,,,,,,,,,,,,,,,,
Unprovoked,surfing,,,,,,,,,,,,,,,,,,
Unprovoked,boogie,boarding,,,,,,,,,,,,,,,,,
Unprovoked,surfing,,,,,,,,,,,,,,,,,,
Unprovoked,surfing,,,,,,,,,,,,,,,,,,
Unprovoked,surfing,,,,,,,,,,,,,,,,,,
Unprovoked,surfing,,,,,,,,,,,,,,,,,,
Unprovoked,surfing,,,,,,,,,,,,,,,,,,
Unprovoked,walking,,,,,,,,,,,,,,,,,,
Provoked,swimming,,,,,,,,,,,,,,,,,,
Unprovoked,boogie,boarding,,,,,,,,,,,,,,,,,
Unprovoked,standing,,,,,,,,,,,,,,,,,,
Unprovoked,swimming,,,,,,,,,,,,,,,,,,
Unprovoked,boogie,boarding,,,,,,,,,,,,,,,,,
Unprovoked,swimming,,,,,,,,,,,,,,,,,,
Provoked,diving,,,,,,,,,,,,,,,,,,
Unprovoked,wading,,,,,,,,,,,,,,,,,,
Unprovoked,swimming,,,,,,,,,,,,,,,,,,
Provoked,surfing,,,,,,,,,,,,,,,,,,
Unprovoked,surfing,,,,,,,,,,,,,,,,,,
Unprovoked,surfing,,,,,,,,,,,,,,,,,,
Unprovoked,surfing,,,,,,,,,,,,,,,,,,
Unprovoked,swimming,,,,,,,,,,,,,,,,,,
Unprovoked,surfing,,,,,,,,,,,,,,,,,,
Unprovoked,swimming,,,,,,,,,,,,,,,,,,
Unprovoked,wading,,,,,,,,,,,,,,,,,,
Unprovoked,surfing,,,,,,,,,,,,,,,,,,
Unprovoked,swimming,,,,,,,,,,,,,,,,,,
Unprovoked,surfing,,,,,,,,,,,,,,,,,,
Unprovoked,surfing,,,,,,,,,,,,,,,,,,
Unprovoked,surfing,,,,,,,,,,,,,,,,,,
Unprovoked,surfing,,,,,,,,,,,,,,,,,,
Unprovoked,fishing,from,surfboard,,,,,,,,,,,,,,,,
Unprovoked,boogie,boarding,,,,,,,,,,,,,,,,,
Unprovoked,boogie,boarding,,,,,,,,,,,,,,,,,
Unprovoked,boogie,boarding,,,,,,,,,,,,,,,,,
Unprovoked,wading,,,,,,,,,,,,,,,,,,
Unprovoked,swimming,dolphins,,,,,,,,,,,,,,,,,
Unprovoked,swimming,,,,,,,,,,,,,,,,,,
Unprovoked,surfing,,,,,,,,,,,,,,,,,,
Unprovoked,surfing,,,,,,,,,,,,,,,,,,
Unprovoked,hookah,diving,abalone,descending,,,,,,,,,,,,,,,
Unprovoked,surfing,,,,,,,,,,,,,,,,,,
Unprovoked,wading,,,,,,,,,,,,,,,,,,
Unprovoked,surfing,,,,,,,,,,,,,,,,,,
Unprovoked,diving,,,,,,,,,,,,,,,,,,
Unprovoked,free,diving,abalone,from,zodiac,submerged,,,,,,,,,,,,,
Unprovoked,diving,diving,,,,,,,,,,,,,,,,,
Unprovoked,free,diving,abalone,,,,,,,,,,,,,,,,
Unprovoked,surf,fishing,wading,,,,,,,,,,,,,,,,
Unprovoked,surf,fishing,in,waist,deep,,,,,,,,,,,,,,
Unprovoked,playing,in,surf,his,child,,,,,,,,,,,,,,
Unprovoked,free,diving,,,,,,,,,,,,,,,,,
Provoked,spearfishing,,,,,,,,,,,,,,,,,,
Unprovoked,swimming,surface,,,,,,,,,,,,,,,,,
Unprovoked,wing,foil,surfing,,,,,,,,,,,,,,,,
Unprovoked,standing,,,,,,,,,,,,,,,,,,
Unprovoked,surfing,,,,,,,,,,,,,,,,,,
Unprovoked,surfing,,,,,,,,,,,,,,,,,,
Unprovoked,surfing,,,,,,,,,,,,,,,,,,
Unprovoked,standing,snorkeling,,,,,,,,,,,,,,,,,
Unprovoked,free,diving,photographing,pilot,whales,,,,,,,,,,,,,,
Unprovoked,swimming,,,,,,,,,,,,,,,,,,
Unprovoked,wading,,,,,,,,,,,,,,,,,,
Unprovoked,boogie,boarding,,,,,,,,,,,,,,,,,
Unprovoked,surfing,,,,,,,,,,,,,,,,,,
Unprovoked,surfing,,,,,,,,,,,,,,,,,,
Unprovoked,surfing,,,,,,,,,,,,,,,,,,
Unprovoked,surfing,,,,,,,,,,,,,,,,,,
Unprovoked,surfing,,,,,,,,,,,,,,,,,,
Unprovoked,surfing,,,,,,,,,,,,,,,,,,
Unprovoked,standing,,,,,,,,,,,,,,,,,,
Unprovoked,surfing,,,,,,,,,,,,,,,,,,
Unprovoked,wading,near,a,fishing,net,,,,,,,,,,,,,,
Unprovoked,swimming,,,,,,,,,,,,,,,,,,
Unprovoked,surfing,,,,,,,,,,,,,,,,,,
Unprovoked,wading,,,,,,,,,,,,,,,,,,
Unprovoked,surfing,,,,,,,,,,,,,,,,,,
Unprovoked,surfing,,,,,,,,,,,,,,,,,,
Unprovoked,swimming,,,,,,,,,,,,,,,,,,
Unprovoked,surfing,,,,,,,,,,,,,,,,,,
Unprovoked,swimming,,,,,,,,,,,,,,,,,,
Unprovoked,swimming,behind,sailboat,,,,,,,,,,,,,,,,
Unprovoked,surfing,,,,,,,,,,,,,,,,,,
Unprovoked,surfing,but,lying,prone,his,board,,,,,,,,,,,,,
Unprovoked,wading,,,,,,,,,,,,,,,,,,
Unprovoked,diving,,,,,,,,,,,,,,,,,,
Unprovoked,surfing,,,,,,,,,,,,,,,,,,
Unprovoked,surfing,,,,,,,,,,,,,,,,,,
Unprovoked,floating,a,raft,,,,,,,,,,,,,,,,
Unprovoked,swimming,,,,,,,,,,,,,,,,,,
Unprovoked,wading,,,,,,,,,,,,,,,,,,
Unprovoked,spearfishing,but,surface,,,,,,,,,,,,,,,,
Unprovoked,wading,,,,,,,,,,,,,,,,,,
Unprovoked,diving,diving,,,,,,,,,,,,,,,,,
Unprovoked,fishing,,,,,,,,,,,,,,,,,,
Provoked,surf,fishing,,,,,,,,,,,,,,,,,
Unprovoked,accidentally,dragged,overboard,from,sampan,holokahana,into,school,of,yellowfin,tuna,,,,,,,,
Unprovoked,swimming,,,,,,,,,,,,,,,,,,
Unprovoked,filming,,,,,,,,,,,,,,,,,,
Unprovoked,shipwreck,,,,,,,,,,,,,,,,,,
Unprovoked,swimming,,,,,,,,,,,,,,,,,,
Unprovoked,standing,,,,,,,,,,,,,,,,,,
Provoked,fishing,,,,,,,,,,,,,,,,,,
Unprovoked,surfing,,,,,,,,,,,,,,,,,,
Unprovoked,surfing,,,,,,,,,,,,,,,,,,
Unprovoked,standing,,,,,,,,,,,,,,,,,,
Unprovoked,swimming,,,,,,,,,,,,,,,,,,
Unprovoked,boogie,boarding,,,,,,,,,,,,,,,,,
Unprovoked,boarding,,,,,,,,,,,,,,,,,,
Unprovoked,surfing,,,,,,,,,,,,,,,,,,
Unprovoked,surfing,,,,,,,,,,,,,,,,,,
Unprovoked,floating,,,,,,,,,,,,,,,,,,
Unprovoked,kite,surfing,,,,,,,,,,,,,,,,,
Unprovoked,surfing,,,,,,,,,,,,,,,,,,
Unprovoked,floating,in,tube,,,,,,,,,,,,,,,,
Unprovoked,swimming,,,,,,,,,,,,,,,,,,
Unprovoked,surfing,,,,,,,,,,,,,,,,,,
Unprovoked,wading,,,,,,,,,,,,,,,,,,
Unprovoked,surfing,,,,,,,,,,,,,,,,,,
Unprovoked,diving,,,,,,,,,,,,,,,,,,
Unprovoked,swimming,,,,,,,,,,,,,,,,,,
Unprovoked,surfing,,,,,,,,,,,,,,,,,,
Unprovoked,surfing,,,,,,,,,,,,,,,,,,
Unprovoked,swimming,,,,,,,,,,,,,,,,,,
Unprovoked,wading,,,,,,,,,,,,,,,,,,
Unprovoked,surfing,,,,,,,,,,,,,,,,,,
Unprovoked,jet,skiing,,,,,,,,,,,,,,,,,
Unprovoked,fishing,,,,,,,,,,,,,,,,,,
Unprovoked,playing,soccer,in,,,,,,,,,,,,,,,,
Unprovoked,surfing,,,,,,,,,,,,,,,,,,
Unprovoked,surfing,,,,,,,,,,,,,,,,,,
Unprovoked,surfing,,,,,,,,,,,,,,,,,,
Provoked,fishing,,,,,,,,,,,,,,,,,,
Unprovoked,floating,face,down,in,knee,deep,,,,,,,,,,,,,
Unprovoked,spearfishing,holding,mesh,bag,speared,fish,,,,,,,,,,,,,
Unprovoked,surfing,,,,,,,,,,,,,,,,,,
Unprovoked,swimming,,,,,,,,,,,,,,,,,,
Unprovoked,surfing,,,,,,,,,,,,,,,,,,
Unprovoked,playing,,,,,,,,,,,,,,,,,,
Unprovoked,swimming,,,,,,,,,,,,,,,,,,
Unprovoked,wading,,,,,,,,,,,,,,,,,,
Unprovoked,swimming,,,,,,,,,,,,,,,,,,
Unprovoked,surfing,,,,,,,,,,,,,,,,,,
Unprovoked,surfing,,,,,,,,,,,,,,,,,,
Provoked,fishing,,,,,,,,,,,,,,,,,,
Unprovoked,standing,,,,,,,,,,,,,,,,,,
Unprovoked,spearfishing,using,diving,,,,,,,,,,,,,,,,
Unprovoked,surfing,,,,,,,,,,,,,,,,,,
Provoked,testing,anti,cage,,,,,,,,,,,,,,,,
Unprovoked,spearfishing,diving,diving,surface,,,,,,,,,,,,,,,
Unprovoked,net,fishing,picking,catch,from,net,,,,,,,,,,,,,
Provoked,fishing,tossing,netted,onboard,,,,,,,,,,,,,,,
Unprovoked,swimming,surface,through,school,of,feeding,sharks,,,,,,,,,,,,
Provoked,spearfishing,joe,turner,attracted,speared,halibut,belt,of,one,diver,tried,ide,s,speargun,he,shot,it,in,mouth
Unprovoked,swimming,near,pier,,,,,,,,,,,,,,,,
Provoked,fishing,,,,,,,,,,,,,,,,,,
Unprovoked,swimming,near,breakwater,,,,,,,,,,,,,,,,
Unprovoked,surfing,,,,,,,,,,,,,,,,,,
Unprovoked,paddleboarding,,,,,,,,,,,,,,,,,,
Unprovoked,lifeguard,training,exercise,,,,,,,,,,,,,,,,
Unprovoked,swimming,,,,,,,,,,,,,,,,,,
Provoked,surfing,,,,,,,,,,,,,,,,,,
Unprovoked,surfing,,,,,,,,,,,,,,,,,,
Unprovoked,surfing,,,,,,,,,,,,,,,,,,
Unprovoked,swimming,,,,,,,,,,,,,,,,,,
Unprovoked,surfing,,,,,,,,,,,,,,,,,,
Unprovoked,surfing,,,,,,,,,,,,,,,,,,
Unprovoked,spearfishing,,,,,,,,,,,,,,,,,,
Unprovoked,surfing,,,,,,,,,,,,,,,,,,
Unprovoked,photographing,fish,,,,,,,,,,,,,,,,,
Provoked,spearfishing,,,,,,,,,,,,,,,,,,
Unprovoked,surfing,,,,,,,,,,,,,,,,,,
Unprovoked,wading,,,,,,,,,,,,,,,,,,
Unprovoked,surfing,,,,,,,,,,,,,,,,,,
Unprovoked,kite,surfing,,,,,,,,,,,,,,,,,
Unprovoked,surfing,,,,,,,,,,,,,,,,,,
Unprovoked,surfing,,,,,,,,,,,,,,,,,,
Unprovoked,fishing,,,,,,,,,,,,,,,,,,
Unprovoked,wading,,,,,,,,,,,,,,,,,,
Unprovoked,surfing,,,,,,,,,,,,,,,,,,
Unprovoked,swimming,,,,,,,,,,,,,,,,,,
Unprovoked,surfing,,,,,,,,,,,,,,,,,,
Unprovoked,walking,out,of,after,surfing,,,,,,,,,,,,,,
Unprovoked,surfing,,,,,,,,,,,,,,,,,,
Unprovoked,surfing,,,,,,,,,,,,,,,,,,
Unprovoked,surfing,,,,,,,,,,,,,,,,,,
Unprovoked,surfing,,,,,,,,,,,,,,,,,,
Unprovoked,wading,,,,,,,,,,,,,,,,,,
Unprovoked,standing,,,,,,,,,,,,,,,,,,
Unprovoked,surfing,,,,,,,,,,,,,,,,,,
Unprovoked,surfing,,,,,,,,,,,,,,,,,,
Unprovoked,wading,,,,,,,,,,,,,,,,,,
Unprovoked,surfing,,,,,,,,,,,,,,,,,,
Unprovoked,surfing,,,,,,,,,,,,,,,,,,
Unprovoked,surfing,,,,,,,,,,,,,,,,,,
Unprovoked,surfing,,,,,,,,,,,,,,,,,,
Unprovoked,free,diving,abalone,,,,,,,,,,,,,,,,
Unprovoked,jumped,off,rocks,into,white,,,,,,,,,,,,,,
Unprovoked,boarding,,,,,,,,,,,,,,,,,,
Unprovoked,board,sailing,,,,,,,,,,,,,,,,,
Provoked,fishing,stepped,hooked,s,head,,,,,,,,,,,,,,
Unprovoked,surfing,,,,,,,,,,,,,,,,,,
Provoked,diving,in,sharkey,s,reef,restaurant,s,aquarium,,,,,,,,,,,
Unprovoked,swimming,,,,,,,,,,,,,,,,,,
Unprovoked,surfing,,,,,,,,,,,,,,,,,,
Unprovoked,surfing,,,,,,,,,,,,,,,,,,
Unprovoked,spearfishing,,,,,,,,,,,,,,,,,,
Unprovoked,diving,diving,,,,,,,,,,,,,,,,,
Unprovoked,wading,,,,,,,,,,,,,,,,,,
Provoked,diving,,,,,,,,,,,,,,,,,,
Unprovoked,surfing,,,,,,,,,,,,,,,,,,
Unprovoked,spearfishing,using,diving,,,,,,,,,,,,,,,,
Unprovoked,swept,out,sea,while,net,fishing,,,,,,,,,,,,,
Unprovoked,treading,,,,,,,,,,,,,,,,,,
Provoked,wading,,,,,,,,,,,,,,,,,,
Unprovoked,surf,fishing,,,,,,,,,,,,,,,,,
Unprovoked,swimming,or,snorkeling,,,,,,,,,,,,,,,,
Unprovoked,lifeguard,exercises,,,,,,,,,,,,,,,,,
Unprovoked,surfing,,,,,,,,,,,,,,,,,,
Unprovoked,surfing,,,,,,,,,,,,,,,,,,
Unprovoked,surfing,,,,,,,,,,,,,,,,,,
Unprovoked,surfing,,,,,,,,,,,,,,,,,,
Unprovoked,standing,,,,,,,,,,,,,,,,,,
Unprovoked,surfing,,,,,,,,,,,,,,,,,,
Unprovoked,paddle,boarding,,,,,,,,,,,,,,,,,
Unprovoked,swimming,,,,,,,,,,,,,,,,,,
Unprovoked,wading,,,,,,,,,,,,,,,,,,
Unprovoked,swimming,,,,,,,,,,,,,,,,,,
Unprovoked,wading,,,,,,,,,,,,,,,,,,
Unprovoked,surfing,,,,,,,,,,,,,,,,,,
Unprovoked,boarding,,,,,,,,,,,,,,,,,,
Unprovoked,surfing,,,,,,,,,,,,,,,,,,
Unprovoked,surfing,,,,,,,,,,,,,,,,,,
Unprovoked,surfing,,,,,,,,,,,,,,,,,,
Unprovoked,surfing,,,,,,,,,,,,,,,,,,
Unprovoked,snorkeling,,,,,,,,,,,,,,,,,,
Unprovoked,diving,,,,,,,,,,,,,,,,,,
Unprovoked,surfing,,,,,,,,,,,,,,,,,,
Unprovoked,swimming,,,,,,,,,,,,,,,,,,
Unprovoked,swimming,,,,,,,,,,,,,,,,,,
Unprovoked,surfing,,,,,,,,,,,,,,,,,,
Unprovoked,surfing,,,,,,,,,,,,,,,,,,
Unprovoked,diving,diving,,,,,,,,,,,,,,,,,
Provoked,fishing,,,,,,,,,,,,,,,,,,
Unprovoked,spearfishing,,,,,,,,,,,,,,,,,,
Unprovoked,surfing,,,,,,,,,,,,,,,,,,
Unprovoked,snorkeling,,,,,,,,,,,,,,,,,,
Unprovoked,boarding,,,,,,,,,,,,,,,,,,
Unprovoked,surfing,,,,,,,,,,,,,,,,,,
Provoked,fishing,,,,,,,,,,,,,,,,,,
Unprovoked,surfing,,,,,,,,,,,,,,,,,,
Unprovoked,surfing,,,,,,,,,,,,,,,,,,
Unprovoked,treading,surfing,,,,,,,,,,,,,,,,,
Unprovoked,surfing,,,,,,,,,,,,,,,,,,
Unprovoked,jumping,,,,,,,,,,,,,,,,,,
Unprovoked,surfing,,,,,,,,,,,,,,,,,,
Unprovoked,standing,,,,,,,,,,,,,,,,,,
Unprovoked,swimming,,,,,,,,,,,,,,,,,,
Unprovoked,surfing,,,,,,,,,,,,,,,,,,
Unprovoked,floating,a,raft,,,,,,,,,,,,,,,,
Provoked,fishing,,,,,,,,,,,,,,,,,,
Unprovoked,surfing,,,,,,,,,,,,,,,,,,
Unprovoked,boogie,boarding,,,,,,,,,,,,,,,,,
Unprovoked,swimming,surfing,,,,,,,,,,,,,,,,,
Unprovoked,surfing,,,,,,,,,,,,,,,,,,
Unprovoked,wading,surfboard,,,,,,,,,,,,,,,,,
Unprovoked,surfing,,,,,,,,,,,,,,,,,,
Unprovoked,surfing,,,,,,,,,,,,,,,,,,
Unprovoked,surfing,,,,,,,,,,,,,,,,,,
Unprovoked,wading,surfing,,,,,,,,,,,,,,,,,
Unprovoked,surfing,,,,,,,,,,,,,,,,,,
Unprovoked,windsurfing,,,,,,,,,,,,,,,,,,
Unprovoked,surfing,,,,,,,,,,,,,,,,,,
Unprovoked,lying,surfboard,,,,,,,,,,,,,,,,,
Unprovoked,surf,fishing,,,,,,,,,,,,,,,,,
Unprovoked,fishing,from,rocks,swept,out,sea,by,large,wave,treading,,,,,,,,,
Unprovoked,swimming,from,makeshift,raft,life,vest,after,fishing,boat,sank,,,,,,,,,
Unprovoked,sitting,surfboard,,,,,,,,,,,,,,,,,
Unprovoked,surfing,,,,,,,,,,,,,,,,,,
Unprovoked,fell,off,surfboard,from,shore,,,,,,,,,,,,,,
Unprovoked,surfing,,,,,,,,,,,,,,,,,,
Unprovoked,surfing,,,,,,,,,,,,,,,,,,
Unprovoked,floating,air,mattress,,,,,,,,,,,,,,,,
Unprovoked,surfing,,,,,,,,,,,,,,,,,,
Unprovoked,surfing,,,,,,,,,,,,,,,,,,
Unprovoked,floating,inner,tube,raft,,,,,,,,,,,,,,,
Unprovoked,swimming,,,,,,,,,,,,,,,,,,
Unprovoked,surfing,,,,,,,,,,,,,,,,,,
Unprovoked,floating,his,back,,,,,,,,,,,,,,,,
Unprovoked,snorkeling,,,,,,,,,,,,,,,,,,
Unprovoked,free,diving,spearfishing,resting,surface,,,,,,,,,,,,,,
Unprovoked,diving,diving,,,,,,,,,,,,,,,,,
Unprovoked,standing,,,,,,,,,,,,,,,,,,
Unprovoked,spearfishing,diving,,,,,,,,,,,,,,,,,
Unprovoked,boogie,boarding,,,,,,,,,,,,,,,,,
Provoked,fishing,,,,,,,,,,,,,,,,,,
Unprovoked,lobstering,,,,,,,,,,,,,,,,,,
Unprovoked,wading,,,,,,,,,,,,,,,,,,
Unprovoked,kayaking,,,,,,,,,,,,,,,,,,
Unprovoked,surfing,,,,,,,,,,,,,,,,,,
Unprovoked,wading,,,,,,,,,,,,,,,,,,
Unprovoked,surfing,,,,,,,,,,,,,,,,,,
Unprovoked,standing,,,,,,,,,,,,,,,,,,
Unprovoked,stand,up,paddleboarding,,,,,,,,,,,,,,,,
Unprovoked,surfing,,,,,,,,,,,,,,,,,,
Unprovoked,surfing,,,,,,,,,,,,,,,,,,
Unprovoked,surfing,,,,,,,,,,,,,,,,,,
Unprovoked,surfng,,,,,,,,,,,,,,,,,,
Unprovoked,boogie,boarding,,,,,,,,,,,,,,,,,
Unprovoked,spearfishing,,,,,,,,,,,,,,,,,,
Unprovoked,floating,,,,,,,,,,,,,,,,,,
Unprovoked,surfing,,,,,,,,,,,,,,,,,,
Unprovoked,standing,,,,,,,,,,,,,,,,,,
Unprovoked,surfing,,,,,,,,,,,,,,,,,,
Unprovoked,surfing,,,,,,,,,,,,,,,,,,
Unprovoked,swimming,,,,,,,,,,,,,,,,,,
Unprovoked,surfing,,,,,,,,,,,,,,,,,,
Unprovoked,standing,,,,,,,,,,,,,,,,,,
Unprovoked,wading,,,,,,,,,,,,,,,,,,
Unprovoked,surfing,,,,,,,,,,,,,,,,,,
Unprovoked,swimming,,,,,,,,,,,,,,,,,,
Unprovoked,surfing,,,,,,,,,,,,,,,,,,
Unprovoked,surfing,,,,,,,,,,,,,,,,,,
Unprovoked,surfing,,,,,,,,,,,,,,,,,,
Unprovoked,swimming,,,,,,,,,,,,,,,,,,
Unprovoked,surfing,,,,,,,,,,,,,,,,,,
Unprovoked,spearfishing,,,,,,,,,,,,,,,,,,
Unprovoked,surf,fishing,,,,,,,,,,,,,,,,,
Unprovoked,surfing,,,,,,,,,,,,,,,,,,
Unprovoked,standing,,,,,,,,,,,,,,,,,,
Unprovoked,surfing,,,,,,,,,,,,,,,,,,
Unprovoked,surfing,,,,,,,,,,,,,,,,,,
Unprovoked,surfing,,,,,,,,,,,,,,,,,,
Unprovoked,surf,paddling,,,,,,,,,,,,,,,,,
Unprovoked,wading,,,,,,,,,,,,,,,,,,
Unprovoked,surfing,,,,,,,,,,,,,,,,,,
Unprovoked,wading,,,,,,,,,,,,,,,,,,
Unprovoked,swimming,,,,,,,,,,,,,,,,,,
Provoked,diving,in,aquarium,display,tank,,,,,,,,,,,,,,
Unprovoked,boarding,,,,,,,,,,,,,,,,,,
Unprovoked,wade,fishing,,,,,,,,,,,,,,,,,
Unprovoked,surfing,,,,,,,,,,,,,,,,,,
Unprovoked,surfing,,,,,,,,,,,,,,,,,,
Unprovoked,swimming,,,,,,,,,,,,,,,,,,
Unprovoked,surfing,but,standing,in,alongside,board,,,,,,,,,,,,,
Unprovoked,wading,,,,,,,,,,,,,,,,,,
Unprovoked,standing,,,,,,,,,,,,,,,,,,
Unprovoked,jumped,into,,,,,,,,,,,,,,,,,
Unprovoked,surfing,,,,,,,,,,,,,,,,,,
Unprovoked,boarding,or,surfing,,,,,,,,,,,,,,,,
Unprovoked,floating,raft,,,,,,,,,,,,,,,,,
Unprovoked,wade,fishing,,,,,,,,,,,,,,,,,
Unprovoked,surfing,,,,,,,,,,,,,,,,,,
Unprovoked,riding,waves,a,board,,,,,,,,,,,,,,,
Unprovoked,kayaking,,,,,,,,,,,,,,,,,,
Unprovoked,surfing,,,,,,,,,,,,,,,,,,
Unprovoked,surfing,sitting,his,board,,,,,,,,,,,,,,,
Unprovoked,boarding,,,,,,,,,,,,,,,,,,
Unprovoked,swimming,,,,,,,,,,,,,,,,,,
Unprovoked,catamaran,capsized,previous,night,occupants,stayed,wreckage,until,morning,then,attempted,swim,ashore,,,,,,
Unprovoked,swimming,,,,,,,,,,,,,,,,,,
Unprovoked,surfing,,,,,,,,,,,,,,,,,,
Unprovoked,diving,,,,,,,,,,,,,,,,,,
Unprovoked,spearfishing,,,,,,,,,,,,,,,,,,
Unprovoked,floating,,,,,,,,,,,,,,,,,,
Provoked,spearfishing,,,,,,,,,,,,,,,,,,
Unprovoked,spearfishing,,,,,,,,,,,,,,,,,,
Unprovoked,swimming,near,jetty,,,,,,,,,,,,,,,,
Unprovoked,fishing,from,boat,kaimamla,,,,,,,,,,,,,,,
Unprovoked,standing,,,,,,,,,,,,,,,,,,
Unprovoked,swimming,from,fishing,boat,setting,nets,,,,,,,,,,,,,
Unprovoked,spearfishing,,,,,,,,,,,,,,,,,,
Unprovoked,swimming,,,,,,,,,,,,,,,,,,
Unprovoked,scalloping,,,,,,,,,,,,,,,,,,
Unprovoked,swimming,,,,,,,,,,,,,,,,,,
Unprovoked,surfing,,,,,,,,,,,,,,,,,,
Unprovoked,playing,,,,,,,,,,,,,,,,,,
Unprovoked,surfing,,,,,,,,,,,,,,,,,,
Unprovoked,surfing,,,,,,,,,,,,,,,,,,
Unprovoked,swimming,sharks,,,,,,,,,,,,,,,,,
Unprovoked,swimming,,,,,,,,,,,,,,,,,,
Provoked,fishing,,,,,,,,,,,,,,,,,,
Unprovoked,swimming,,,,,,,,,,,,,,,,,,
Unprovoked,sup,,,,,,,,,,,,,,,,,,
Unprovoked,spearfishing,,,,,,,,,,,,,,,,,,
Unprovoked,surfing,,,,,,,,,,,,,,,,,,
Unprovoked,surfing,,,,,,,,,,,,,,,,,,
Unprovoked,surfing,,,,,,,,,,,,,,,,,,
Unprovoked,fishing,,,,,,,,,,,,,,,,,,
Unprovoked,wading,,,,,,,,,,,,,,,,,,
Unprovoked,standing,,,,,,,,,,,,,,,,,,
Unprovoked,wading,,,,,,,,,,,,,,,,,,
Unprovoked,surfing,,,,,,,,,,,,,,,,,,
Unprovoked,surfing,,,,,,,,,,,,,,,,,,
Unprovoked,kneeling,in,,,,,,,,,,,,,,,,,
Unprovoked,surfing,,,,,,,,,,,,,,,,,,
Unprovoked,swimming,,,,,,,,,,,,,,,,,,
Unprovoked,surfing,,,,,,,,,,,,,,,,,,
Unprovoked,swimming,,,,,,,,,,,,,,,,,,
Unprovoked,surfing,,,,,,,,,,,,,,,,,,
Unprovoked,swimming,,,,,,,,,,,,,,,,,,
Unprovoked,boogie,boarding,,,,,,,,,,,,,,,,,
Provoked,fishing,,,,,,,,,,,,,,,,,,
Unprovoked,spearfishing,,,,,,,,,,,,,,,,,,
Provoked,wading,,,,,,,,,,,,,,,,,,
Unprovoked,walking,,,,,,,,,,,,,,,,,,
Unprovoked,snorkeling,,,,,,,,,,,,,,,,,,
Unprovoked,surfing,,,,,,,,,,,,,,,,,,
Unprovoked,surfing,,,,,,,,,,,,,,,,,,
Unprovoked,swimming,boogie,boarding,,,,,,,,,,,,,,,,
Unprovoked,surfing,,,,,,,,,,,,,,,,,,
Unprovoked,surfing,,,,,,,,,,,,,,,,,,
Provoked,conducting,research,,,,,,,,,,,,,,,,,
Unprovoked,jumping,,,,,,,,,,,,,,,,,,
Unprovoked,spearfishing,,,,,,,,,,,,,,,,,,
Unprovoked,walking,,,,,,,,,,,,,,,,,,
Unprovoked,surfing,,,,,,,,,,,,,,,,,,
Unprovoked,swimming,,,,,,,,,,,,,,,,,,
Unprovoked,swimming,mask,snorkel,,,,,,,,,,,,,,,,
Unprovoked,swimming,,,,,,,,,,,,,,,,,,
Unprovoked,paddling,surfboard,or,board,,,,,,,,,,,,,,,
Provoked,snorkeling,,,,,,,,,,,,,,,,,,
Provoked,board,fishing,vessel,one,ki,,,,,,,,,,,,,,
Unprovoked,paddling,surfboard,,,,,,,,,,,,,,,,,
Unprovoked,swimming,in,strong,current,others,when,he,disappeared,,,,,,,,,,,
Unprovoked,surfing,,,,,,,,,,,,,,,,,,
Unprovoked,fishing,fell,from,rocks,disappeared,,,,,,,,,,,,,,
Unprovoked,wading,,,,,,,,,,,,,,,,,,
Unprovoked,surfing,,,,,,,,,,,,,,,,,,
Unprovoked,windsurfing,,,,,,,,,,,,,,,,,,
Unprovoked,surfing,,,,,,,,,,,,,,,,,,
Unprovoked,surfing,,,,,,,,,,,,,,,,,,
Unprovoked,surfing,,,,,,,,,,,,,,,,,,
Unprovoked,wading,,,,,,,,,,,,,,,,,,
Unprovoked,surfing,,,,,,,,,,,,,,,,,,
Unprovoked,surfing,fell,off,surfboard,,,,,,,,,,,,,,,
Unprovoked,free,diving,abalone,submerged,,,,,,,,,,,,,,,
Unprovoked,free,diving,abalone,but,surface,,,,,,,,,,,,,,
Provoked,fishing,,,,,,,,,,,,,,,,,,
Unprovoked,skin,diving,,,,,,,,,,,,,,,,,
Unprovoked,dived,from,inner,tube,,,,,,,,,,,,,,,
Unprovoked,men,boys,picked,up,wearing,life,jackets,inner,tube,,,,,,,,,,
Unprovoked,skindiving,specimens,,,,,,,,,,,,,,,,,
Provoked,surfing,,,,,,,,,,,,,,,,,,
Unprovoked,spearfishing,,,,,,,,,,,,,,,,,,
Unprovoked,swimming,,,,,,,,,,,,,,,,,,
Unprovoked,jumped,into,,,,,,,,,,,,,,,,,
Unprovoked,standing,,,,,,,,,,,,,,,,,,
Unprovoked,surfing,,,,,,,,,,,,,,,,,,
Unprovoked,boggie,boarding,,,,,,,,,,,,,,,,,
Unprovoked,boogie,boarding,,,,,,,,,,,,,,,,,
Unprovoked,surfing,,,,,,,,,,,,,,,,,,
Unprovoked,surfing,,,,,,,,,,,,,,,,,,
Unprovoked,surfing,,,,,,,,,,,,,,,,,,
Unprovoked,surfing,,,,,,,,,,,,,,,,,,
Unprovoked,surfing,,,,,,,,,,,,,,,,,,
Unprovoked,spearfishing,,,,,,,,,,,,,,,,,,
Unprovoked,playing,in,,,,,,,,,,,,,,,,,
Unprovoked,fishing,,,,,,,,,,,,,,,,,,
Unprovoked,surfing,,,,,,,,,,,,,,,,,,
Unprovoked,windsurfing,,,,,,,,,,,,,,,,,,
Unprovoked,surfing,,,,,,,,,,,,,,,,,,
Unprovoked,surfing,,,,,,,,,,,,,,,,,,
Unprovoked,surfing,,,,,,,,,,,,,,,,,,
Unprovoked,swimming,,,,,,,,,,,,,,,,,,
Unprovoked,surfing,,,,,,,,,,,,,,,,,,
Unprovoked,surfing,,,,,,,,,,,,,,,,,,
Unprovoked,surfing,,,,,,,,,,,,,,,,,,
Provoked,swimming,,,,,,,,,,,,,,,,,,
Unprovoked,spearfishing,,,,,,,,,,,,,,,,,,
Unprovoked,surfing,,,,,,,,,,,,,,,,,,
Unprovoked,snorkeling,,,,,,,,,,,,,,,,,,
Unprovoked,playing,a,sandbar,,,,,,,,,,,,,,,,
Unprovoked,surfing,,,,,,,,,,,,,,,,,,
Unprovoked,swimming,,,,,,,,,,,,,,,,,,
Unprovoked,surfing,,,,,,,,,,,,,,,,,,
Unprovoked,swimming,,,,,,,,,,,,,,,,,,
Unprovoked,swimming,wearing,black,wetsuit,swim,fins,,,,,,,,,,,,,
Unprovoked,swimming,,,,,,,,,,,,,,,,,,
Unprovoked,surfing,,,,,,,,,,,,,,,,,,
Unprovoked,surfing,lying,surfboard,,,,,,,,,,,,,,,,
Unprovoked,swimming,,,,,,,,,,,,,,,,,,
Unprovoked,surfing,,,,,,,,,,,,,,,,,,
Unprovoked,swimming,,,,,,,,,,,,,,,,,,
Unprovoked,standing,,,,,,,,,,,,,,,,,,
Unprovoked,surfing,paddling,seawards,,,,,,,,,,,,,,,,
Unprovoked,surfing,,,,,,,,,,,,,,,,,,
Unprovoked,free,diving,spearfishing,ascending,,,,,,,,,,,,,,,
Unprovoked,surfing,,,,,,,,,,,,,,,,,,
Unprovoked,swimming,,,,,,,,,,,,,,,,,,
Unprovoked,surfing,lying,prone,his,board,,,,,,,,,,,,,,
Unprovoked,surfing,,,,,,,,,,,,,,,,,,
Unprovoked,surfing,,,,,,,,,,,,,,,,,,
Unprovoked,wading,,,,,,,,,,,,,,,,,,
Unprovoked,surfing,,,,,,,,,,,,,,,,,,
Unprovoked,swimming,,,,,,,,,,,,,,,,,,
Unprovoked,swimming,,,,,,,,,,,,,,,,,,
Unprovoked,free,diving,,,,,,,,,,,,,,,,,
Unprovoked,surfing,,,,,,,,,,,,,,,,,,
Provoked,surfing,,,,,,,,,,,,,,,,,,
Unprovoked,spearfishing,diving,diving,surface,,,,,,,,,,,,,,,
Provoked,swimming,towing,,,,,,,,,,,,,,,,,
Unprovoked,wading,,,,,,,,,,,,,,,,,,
Unprovoked,swimming,,,,,,,,,,,,,,,,,,
Unprovoked,spearfishing,,,,,,,,,,,,,,,,,,
Unprovoked,surfing,,,,,,,,,,,,,,,,,,
Unprovoked,swimming,,,,,,,,,,,,,,,,,,
Provoked,feeding,sharks,stingrays,,,,,,,,,,,,,,,,
Unprovoked,spearfishing,,,,,,,,,,,,,,,,,,
Unprovoked,spearfishing,,,,,,,,,,,,,,,,,,
Unprovoked,wading,,,,,,,,,,,,,,,,,,
Unprovoked,swimming,,,,,,,,,,,,,,,,,,
Unprovoked,surfing,,,,,,,,,,,,,,,,,,
Unprovoked,standing,,,,,,,,,,,,,,,,,,
Unprovoked,swimming,,,,,,,,,,,,,,,,,,
Provoked,surfing,,,,,,,,,,,,,,,,,,
Unprovoked,surfing,,,,,,,,,,,,,,,,,,
Provoked,fishing,,,,,,,,,,,,,,,,,,
Unprovoked,surfing,,,,,,,,,,,,,,,,,,
Unprovoked,swimming,,,,,,,,,,,,,,,,,,
Provoked,kayak,fishing,,,,,,,,,,,,,,,,,
Unprovoked,swimming,,,,,,,,,,,,,,,,,,
Unprovoked,swimming,,,,,,,,,,,,,,,,,,
Unprovoked,swimming,,,,,,,,,,,,,,,,,,
Unprovoked,swimming,,,,,,,,,,,,,,,,,,
Unprovoked,standing,,,,,,,,,,,,,,,,,,
Unprovoked,surfing,,,,,,,,,,,,,,,,,,
Unprovoked,swimming,,,,,,,,,,,,,,,,,,
Unprovoked,surfing,,,,,,,,,,,,,,,,,,
Unprovoked,surfing,,,,,,,,,,,,,,,,,,
Unprovoked,surfing,,,,,,,,,,,,,,,,,,
Unprovoked,swimming,,,,,,,,,,,,,,,,,,
Provoked,removing,hook,from,,,,,,,,,,,,,,,,
Provoked,spearfishing,,,,,,,,,,,,,,,,,,
Unprovoked,boogie,boarding,,,,,,,,,,,,,,,,,
Unprovoked,crouching,in,of,,,,,,,,,,,,,,,,
Unprovoked,wading,,,,,,,,,,,,,,,,,,
Unprovoked,surfing,,,,,,,,,,,,,,,,,,
Unprovoked,surfing,,,,,,,,,,,,,,,,,,
Unprovoked,swimming,,,,,,,,,,,,,,,,,,
Unprovoked,surfing,,,,,,,,,,,,,,,,,,
Unprovoked,swimming,,,,,,,,,,,,,,,,,,
Unprovoked,swimming,,,,,,,,,,,,,,,,,,
Unprovoked,swimming,,,,,,,,,,,,,,,,,,
Unprovoked,surfing,,,,,,,,,,,,,,,,,,
Unprovoked,boogie,boarding,wading,,,,,,,,,,,,,,,,
Unprovoked,fishing,,,,,,,,,,,,,,,,,,
Unprovoked,surfing,,,,,,,,,,,,,,,,,,
Unprovoked,surfing,,,,,,,,,,,,,,,,,,
Unprovoked,wading,,,,,,,,,,,,,,,,,,
Provoked,fishing,,,,,,,,,,,,,,,,,,
Unprovoked,surfing,,,,,,,,,,,,,,,,,,
Unprovoked,surfing,,,,,,,,,,,,,,,,,,
Unprovoked,surfing,,,,,,,,,,,,,,,,,,
Unprovoked,surfing,,,,,,,,,,,,,,,,,,
Unprovoked,surfing,,,,,,,,,,,,,,,,,,
Unprovoked,surfing,,,,,,,,,,,,,,,,,,
Unprovoked,surfing,dangling,foot,in,amid,baitfish,,,,,,,,,,,,,
Unprovoked,diving,diving,submerged,,,,,,,,,,,,,,,,
Unprovoked,kayaking,,,,,,,,,,,,,,,,,,
Unprovoked,surfing,,,,,,,,,,,,,,,,,,
Provoked,tagging,sharks,,,,,,,,,,,,,,,,,
Unprovoked,standing,,,,,,,,,,,,,,,,,,
Unprovoked,escaping,from,alacatraz,,,,,,,,,,,,,,,,
Unprovoked,standing,in,knee,deep,,,,,,,,,,,,,,,
Unprovoked,swimming,,,,,,,,,,,,,,,,,,
Unprovoked,swimming,,,,,,,,,,,,,,,,,,
Unprovoked,swimming,ducking,shells,in,m,deep,,,,,,,,,,,,,
Provoked,standing,,,,,,,,,,,,,,,,,,
Unprovoked,crabbing,,,,,,,,,,,,,,,,,,
Unprovoked,surfing,,,,,,,,,,,,,,,,,,
Unprovoked,surfing,,,,,,,,,,,,,,,,,,
Unprovoked,wading,,,,,,,,,,,,,,,,,,
Unprovoked,swimming,,,,,,,,,,,,,,,,,,
Unprovoked,diving,filming,,,,,,,,,,,,,,,,,
Unprovoked,standing,,,,,,,,,,,,,,,,,,
Unprovoked,surfing,,,,,,,,,,,,,,,,,,
Unprovoked,surfing,,,,,,,,,,,,,,,,,,
Unprovoked,swimming,,,,,,,,,,,,,,,,,,
Unprovoked,surfing,,,,,,,,,,,,,,,,,,
Unprovoked,swimming,,,,,,,,,,,,,,,,,,
Provoked,kayak,fishing,,,,,,,,,,,,,,,,,
Unprovoked,swimming,,,,,,,,,,,,,,,,,,
Unprovoked,surfing,,,,,,,,,,,,,,,,,,
Unprovoked,swimming,,,,,,,,,,,,,,,,,,
Unprovoked,casting,a,net,,,,,,,,,,,,,,,,
Unprovoked,surfing,,,,,,,,,,,,,,,,,,
Unprovoked,kiteboarding,,,,,,,,,,,,,,,,,,
Unprovoked,surfing,,,,,,,,,,,,,,,,,,
Unprovoked,swimming,,,,,,,,,,,,,,,,,,
Unprovoked,surfing,,,,,,,,,,,,,,,,,,
Provoked,surfing,,,,,,,,,,,,,,,,,,
Unprovoked,surf,skiing,,,,,,,,,,,,,,,,,
Unprovoked,jumped,into,,,,,,,,,,,,,,,,,
Unprovoked,swimming,,,,,,,,,,,,,,,,,,
Provoked,fishing,,,,,,,,,,,,,,,,,,
Unprovoked,standing,surfing,,,,,,,,,,,,,,,,,
Provoked,spearfishing,,,,,,,,,,,,,,,,,,
Unprovoked,swimming,,,,,,,,,,,,,,,,,,
Unprovoked,swimming,,,,,,,,,,,,,,,,,,
Unprovoked,boogie,boarding,swimming,,,,,,,,,,,,,,,,
Unprovoked,surfing,,,,,,,,,,,,,,,,,,
Unprovoked,surfing,,,,,,,,,,,,,,,,,,
Unprovoked,surfing,,,,,,,,,,,,,,,,,,
Unprovoked,wading,,,,,,,,,,,,,,,,,,
Unprovoked,swimming,,,,,,,,,,,,,,,,,,
Unprovoked,surfing,,,,,,,,,,,,,,,,,,
Provoked,wading,,,,,,,,,,,,,,,,,,
Unprovoked,swimming,,,,,,,,,,,,,,,,,,
Unprovoked,swimming,towing,a,kayak,,,,,,,,,,,,,,,
Unprovoked,swimming,,,,,,,,,,,,,,,,,,
Unprovoked,spearfishing,,,,,,,,,,,,,,,,,,
Unprovoked,a,float,,,,,,,,,,,,,,,,,
Unprovoked,swimming,,,,,,,,,,,,,,,,,,
Unprovoked,playing,,,,,,,,,,,,,,,,,,
Unprovoked,walking,,,,,,,,,,,,,,,,,,
Unprovoked,surfing,treading,,,,,,,,,,,,,,,,,
Unprovoked,during,a,fishing,tournament,boatem,was,capsized,by,waves,throwing,men,into,,,,,,,
Unprovoked,wading,,,,,,,,,,,,,,,,,,
Unprovoked,diving,diving,reportedly,spearfishing,,,,,,,,,,,,,,,
Unprovoked,surfing,,,,,,,,,,,,,,,,,,
Unprovoked,floating,a,small,orange,raft,,,,,,,,,,,,,,
Unprovoked,standing,,,,,,,,,,,,,,,,,,
Provoked,surf,fishing,,,,,,,,,,,,,,,,,
Provoked,fishing,,,,,,,,,,,,,,,,,,
Unprovoked,swimming,,,,,,,,,,,,,,,,,,
Unprovoked,swimming,,,,,,,,,,,,,,,,,,
Provoked,fishing,from,market,fishboat,sea,spray,,,,,,,,,,,,,
Unprovoked,goggle,diving,seaweeds,but,standing,in,,,,,,,,,,,,,
Unprovoked,fishing,,,,,,,,,,,,,,,,,,
Provoked,fishing,,,,,,,,,,,,,,,,,,
Unprovoked,swimming,,,,,,,,,,,,,,,,,,
Unprovoked,swimming,treading,,,,,,,,,,,,,,,,,
Provoked,touching,a,,,,,,,,,,,,,,,,,
Provoked,fishing,,,,,,,,,,,,,,,,,,
Unprovoked,surfing,,,,,,,,,,,,,,,,,,
Unprovoked,surfing,,,,,,,,,,,,,,,,,,
Unprovoked,swimming,,,,,,,,,,,,,,,,,,
Provoked,fishing,,,,,,,,,,,,,,,,,,
Unprovoked,standing,,,,,,,,,,,,,,,,,,
Unprovoked,boogie,boarding,,,,,,,,,,,,,,,,,
Unprovoked,boogie,boarding,,,,,,,,,,,,,,,,,
Unprovoked,diving,,,,,,,,,,,,,,,,,,
Unprovoked,swimming,,,,,,,,,,,,,,,,,,
Unprovoked,surfing,,,,,,,,,,,,,,,,,,
Unprovoked,wade,fishing,,,,,,,,,,,,,,,,,
Provoked,standing,holding,pup,,,,,,,,,,,,,,,,
Unprovoked,boarding,,,,,,,,,,,,,,,,,,
Unprovoked,fishing,,,,,,,,,,,,,,,,,,
Unprovoked,surfing,,,,,,,,,,,,,,,,,,
Unprovoked,surfing,,,,,,,,,,,,,,,,,,
Unprovoked,surfing,,,,,,,,,,,,,,,,,,
Unprovoked,swimming,,,,,,,,,,,,,,,,,,
Unprovoked,boogie,boarding,,,,,,,,,,,,,,,,,
Unprovoked,surfing,,,,,,,,,,,,,,,,,,
Unprovoked,surfing,,,,,,,,,,,,,,,,,,
Unprovoked,wading,,,,,,,,,,,,,,,,,,
Unprovoked,spearfishing,,,,,,,,,,,,,,,,,,
Unprovoked,swimming,boogie,board,,,,,,,,,,,,,,,,
Unprovoked,swimming,,,,,,,,,,,,,,,,,,
Provoked,walking,carrying,surfboard,stepped,,,,,,,,,,,,,,,
Unprovoked,snorkeling,,,,,,,,,,,,,,,,,,
Unprovoked,standing,,,,,,,,,,,,,,,,,,
Unprovoked,boarding,,,,,,,,,,,,,,,,,,
Unprovoked,swimming,,,,,,,,,,,,,,,,,,
Unprovoked,wade,fishing,,,,,,,,,,,,,,,,,
Unprovoked,surfing,,,,,,,,,,,,,,,,,,
Unprovoked,standing,,,,,,,,,,,,,,,,,,
Unprovoked,surfing,,,,,,,,,,,,,,,,,,
Unprovoked,spearfishing,,,,,,,,,,,,,,,,,,
Unprovoked,surfing,,,,,,,,,,,,,,,,,,
Unprovoked,surfing,,,,,,,,,,,,,,,,,,
Unprovoked,surfing,,,,,,,,,,,,,,,,,,
Unprovoked,surfing,,,,,,,,,,,,,,,,,,
Unprovoked,wading,,,,,,,,,,,,,,,,,,
Unprovoked,free,diving,spearfishing,descending,,,,,,,,,,,,,,,
Unprovoked,surfing,,,,,,,,,,,,,,,,,,
Unprovoked,wading,,,,,,,,,,,,,,,,,,
Unprovoked,diving,untangle,a,crab,trap,line,from,boat,s,propeller,,,,,,,,,
Unprovoked,playing,,,,,,,,,,,,,,,,,,
Unprovoked,bathing,,,,,,,,,,,,,,,,,,
Unprovoked,swimming,,,,,,,,,,,,,,,,,,
Unprovoked,swimming,,,,,,,,,,,,,,,,,,
Unprovoked,spearfishing,,,,,,,,,,,,,,,,,,
Unprovoked,surfing,,,,,,,,,,,,,,,,,,
Unprovoked,wading,,,,,,,,,,,,,,,,,,
Provoked,spearfishing,,,,,,,,,,,,,,,,,,
Unprovoked,standing,,,,,,,,,,,,,,,,,,
Provoked,dragging,stranded,ashore,,,,,,,,,,,,,,,,
Unprovoked,free,diving,abalone,,,,,,,,,,,,,,,,
Unprovoked,surfing,air,mattress,,,,,,,,,,,,,,,,
Unprovoked,swimming,,,,,,,,,,,,,,,,,,
Unprovoked,kite,surfing,,,,,,,,,,,,,,,,,
Provoked,fishing,,,,,,,,,,,,,,,,,,
Unprovoked,swimming,,,,,,,,,,,,,,,,,,
Unprovoked,spearfishing,,,,,,,,,,,,,,,,,,
Unprovoked,diving,,,,,,,,,,,,,,,,,,
Unprovoked,spearfishing,,,,,,,,,,,,,,,,,,
Unprovoked,surfing,,,,,,,,,,,,,,,,,,
Unprovoked,surfing,,,,,,,,,,,,,,,,,,
Provoked,teasing,a,,,,,,,,,,,,,,,,,
Unprovoked,wading,,,,,,,,,,,,,,,,,,
Unprovoked,surfing,,,,,,,,,,,,,,,,,,
Unprovoked,surfing,,,,,,,,,,,,,,,,,,
Unprovoked,kite,surfing,,,,,,,,,,,,,,,,,
Unprovoked,swimming,,,,,,,,,,,,,,,,,,
Unprovoked,playing,in,surf,,,,,,,,,,,,,,,,
Unprovoked,surfing,,,,,,,,,,,,,,,,,,
Unprovoked,sitting,in,,,,,,,,,,,,,,,,,
Unprovoked,surfing,,,,,,,,,,,,,,,,,,
Unprovoked,jumping,in,waves,,,,,,,,,,,,,,,,
Unprovoked,spearfishing,,,,,,,,,,,,,,,,,,
Unprovoked,surfing,,,,,,,,,,,,,,,,,,
Unprovoked,surfing,,,,,,,,,,,,,,,,,,
Unprovoked,swimming,,,,,,,,,,,,,,,,,,
Unprovoked,surfing,,,,,,,,,,,,,,,,,,
Unprovoked,surfing,,,,,,,,,,,,,,,,,,
Unprovoked,surfing,,,,,,,,,,,,,,,,,,
Unprovoked,swimming,,,,,,,,,,,,,,,,,,
Unprovoked,surfing,,,,,,,,,,,,,,,,,,
Unprovoked,wading,,,,,,,,,,,,,,,,,,
Unprovoked,swimming,,,,,,,,,,,,,,,,,,
Unprovoked,swimming,,,,,,,,,,,,,,,,,,
Unprovoked,surfing,,,,,,,,,,,,,,,,,,
Provoked,fishing,,,,,,,,,,,,,,,,,,
Unprovoked,boogie,boarding,,,,,,,,,,,,,,,,,
Unprovoked,surfing,,,,,,,,,,,,,,,,,,
Unprovoked,surfing,,,,,,,,,,,,,,,,,,
Unprovoked,surfing,,,,,,,,,,,,,,,,,,
Unprovoked,surfing,,,,,,,,,,,,,,,,,,
Unprovoked,standing,,,,,,,,,,,,,,,,,,
Provoked,swimming,in,fish,tank,,,,,,,,,,,,,,,
Unprovoked,surfing,,,,,,,,,,,,,,,,,,
Unprovoked,boarding,,,,,,,,,,,,,,,,,,
Provoked,fishing,,,,,,,,,,,,,,,,,,
Unprovoked,surfing,,,,,,,,,,,,,,,,,,
Unprovoked,surfing,,,,,,,,,,,,,,,,,,
Unprovoked,kayaking,,,,,,,,,,,,,,,,,,
Unprovoked,surfing,,,,,,,,,,,,,,,,,,
Unprovoked,surfing,,,,,,,,,,,,,,,,,,
Provoked,spearfishing,,,,,,,,,,,,,,,,,,
Unprovoked,swimming,,,,,,,,,,,,,,,,,,
Provoked,skindiving,,,,,,,,,,,,,,,,,,
Unprovoked,skiing,,,,,,,,,,,,,,,,,,
Unprovoked,collecting,fish,from,net,,,,,,,,,,,,,,,
Unprovoked,swimming,,,,,,,,,,,,,,,,,,
Unprovoked,surfing,,,,,,,,,,,,,,,,,,
Unprovoked,surfing,,,,,,,,,,,,,,,,,,
Unprovoked,diving,sand,dollars,,,,,,,,,,,,,,,,
Unprovoked,diving,diving,spearfishing,,,,,,,,,,,,,,,,
Provoked,grabbed,threw,it,deck,,,,,,,,,,,,,,,
Unprovoked,surfing,treading,,,,,,,,,,,,,,,,,
Unprovoked,swimming,,,,,,,,,,,,,,,,,,
Unprovoked,swimming,,,,,,,,,,,,,,,,,,
Unprovoked,windsurfing,,,,,,,,,,,,,,,,,,
Provoked,fishing,,,,,,,,,,,,,,,,,,
Unprovoked,diving,,,,,,,,,,,,,,,,,,
Unprovoked,stand,up,paddleboarding,,,,,,,,,,,,,,,,
Unprovoked,surfing,,,,,,,,,,,,,,,,,,
Unprovoked,surfing,,,,,,,,,,,,,,,,,,
Unprovoked,swimming,,,,,,,,,,,,,,,,,,
Unprovoked,swimming,,,,,,,,,,,,,,,,,,
Unprovoked,swimming,,,,,,,,,,,,,,,,,,
Unprovoked,swimming,,,,,,,,,,,,,,,,,,
Unprovoked,surfing,,,,,,,,,,,,,,,,,,
Unprovoked,swimming,,,,,,,,,,,,,,,,,,
Unprovoked,wading,,,,,,,,,,,,,,,,,,
Unprovoked,snorkeling,,,,,,,,,,,,,,,,,,
Provoked,fishing,,,,,,,,,,,,,,,,,,
Unprovoked,boogie,boarding,,,,,,,,,,,,,,,,,
Unprovoked,surfing,,,,,,,,,,,,,,,,,,
Unprovoked,surfing,,,,,,,,,,,,,,,,,,
Unprovoked,swimming,,,,,,,,,,,,,,,,,,
Unprovoked,swimming,or,boogie,boarding,,,,,,,,,,,,,,,
Provoked,canoeing,,,,,,,,,,,,,,,,,,
Provoked,surf,fishing,wading,,,,,,,,,,,,,,,,
Unprovoked,swimming,,,,,,,,,,,,,,,,,,
Unprovoked,swimming,,,,,,,,,,,,,,,,,,
Unprovoked,surfing,,,,,,,,,,,,,,,,,,
Unprovoked,surf,fishing,,,,,,,,,,,,,,,,,
Unprovoked,surfing,,,,,,,,,,,,,,,,,,
Unprovoked,surfing,,,,,,,,,,,,,,,,,,
Unprovoked,surfing,,,,,,,,,,,,,,,,,,
Unprovoked,wading,fishing,carrying,a,bag,of,fish,,,,,,,,,,,,
Unprovoked,surfing,,,,,,,,,,,,,,,,,,
Unprovoked,surfing,,,,,,,,,,,,,,,,,,
Unprovoked,surfing,,,,,,,,,,,,,,,,,,
Unprovoked,surfing,,,,,,,,,,,,,,,,,,
Unprovoked,surfing,,,,,,,,,,,,,,,,,,
Unprovoked,surfing,,,,,,,,,,,,,,,,,,
Unprovoked,surfing,,,,,,,,,,,,,,,,,,
Unprovoked,windsurfing,but,sitting,his,board,,,,,,,,,,,,,,
Provoked,diving,diving,,,,,,,,,,,,,,,,,
Unprovoked,surfing,,,,,,,,,,,,,,,,,,
Provoked,wading,,,,,,,,,,,,,,,,,,
Unprovoked,surfing,,,,,,,,,,,,,,,,,,
Unprovoked,freediving,seashells,,,,,,,,,,,,,,,,,
Unprovoked,riding,floatation,device,,,,,,,,,,,,,,,,
Unprovoked,spearfishing,free,diving,,,,,,,,,,,,,,,,
Unprovoked,hookah,diving,sea,urchins,,,,,,,,,,,,,,,
Unprovoked,surfing,,,,,,,,,,,,,,,,,,
Unprovoked,standing,,,,,,,,,,,,,,,,,,
Unprovoked,swimming,,,,,,,,,,,,,,,,,,
Unprovoked,surfing,,,,,,,,,,,,,,,,,,
Unprovoked,surfing,,,,,,,,,,,,,,,,,,
Unprovoked,hookah,diving,submerged,,,,,,,,,,,,,,,,
Unprovoked,free,diving,abalone,,,,,,,,,,,,,,,,
Provoked,fishing,inside,net,,,,,,,,,,,,,,,,
Unprovoked,diving,abalone,,,,,,,,,,,,,,,,,
Provoked,spearfishing,,,,,,,,,,,,,,,,,,
Unprovoked,hunting,turtle,,,,,,,,,,,,,,,,,
Unprovoked,surfing,,,,,,,,,,,,,,,,,,
Provoked,fishing,,,,,,,,,,,,,,,,,,
Unprovoked,snorkeling,,,,,,,,,,,,,,,,,,
Unprovoked,snorkeling,,,,,,,,,,,,,,,,,,
Unprovoked,surfing,,,,,,,,,,,,,,,,,,
Unprovoked,swimming,,,,,,,,,,,,,,,,,,
Unprovoked,swimming,,,,,,,,,,,,,,,,,,
Unprovoked,surfing,,,,,,,,,,,,,,,,,,
Unprovoked,snorkeling,,,,,,,,,,,,,,,,,,
Unprovoked,swimming,,,,,,,,,,,,,,,,,,
Unprovoked,stand,up,paddleboarding,,,,,,,,,,,,,,,,
Unprovoked,wading,,,,,,,,,,,,,,,,,,
Unprovoked,fishing,,,,,,,,,,,,,,,,,,
Unprovoked,surfing,,,,,,,,,,,,,,,,,,
Provoked,wading,,,,,,,,,,,,,,,,,,
Unprovoked,snorkeling,,,,,,,,,,,,,,,,,,
Unprovoked,swimming,,,,,,,,,,,,,,,,,,
Unprovoked,wading,,,,,,,,,,,,,,,,,,
Unprovoked,stand,up,paddleboarding,,,,,,,,,,,,,,,,
Unprovoked,wading,,,,,,,,,,,,,,,,,,
Unprovoked,boarding,,,,,,,,,,,,,,,,,,
Unprovoked,kiteboarding,,,,,,,,,,,,,,,,,,
Provoked,surfing,,,,,,,,,,,,,,,,,,
Unprovoked,snorkeling,,,,,,,,,,,,,,,,,,
Unprovoked,wade,fishing,,,,,,,,,,,,,,,,,
Unprovoked,surfing,,,,,,,,,,,,,,,,,,
Unprovoked,surfing,,,,,,,,,,,,,,,,,,
Provoked,fishing,,,,,,,,,,,,,,,,,,
Unprovoked,surfing,,,,,,,,,,,,,,,,,,
Unprovoked,swimming,,,,,,,,,,,,,,,,,,
Unprovoked,swimming,,,,,,,,,,,,,,,,,,
Unprovoked,surfing,,,,,,,,,,,,,,,,,,
Unprovoked,swimming,towing,surfboard,,,,,,,,,,,,,,,,
Unprovoked,wading,,,,,,,,,,,,,,,,,,
Unprovoked,surfing,,,,,,,,,,,,,,,,,,
Unprovoked,playing,,,,,,,,,,,,,,,,,,
Unprovoked,night,surfing,,,,,,,,,,,,,,,,,
Unprovoked,surfing,,,,,,,,,,,,,,,,,,
Unprovoked,holding,onto,an,inflatable,boat,,,,,,,,,,,,,,
Unprovoked,surfing,,,,,,,,,,,,,,,,,,
Unprovoked,tandem,surfing,,,,,,,,,,,,,,,,,
Unprovoked,surfing,,,,,,,,,,,,,,,,,,
Unprovoked,surfing,,,,,,,,,,,,,,,,,,
Unprovoked,snorkeling,,,,,,,,,,,,,,,,,,
Unprovoked,walking,in,shallows,,,,,,,,,,,,,,,,
Unprovoked,surfing,,,,,,,,,,,,,,,,,,
Unprovoked,surfing,,,,,,,,,,,,,,,,,,
Unprovoked,wading,shore,after,surfing,,,,,,,,,,,,,,,
Unprovoked,adrift,in,a,life,jacket,,,,,,,,,,,,,,
Unprovoked,surfing,,,,,,,,,,,,,,,,,,
Unprovoked,swimming,,,,,,,,,,,,,,,,,,
Unprovoked,swimming,or,paddle,boarding,,,,,,,,,,,,,,,
Unprovoked,surfing,,,,,,,,,,,,,,,,,,
Unprovoked,surfing,,,,,,,,,,,,,,,,,,
Unprovoked,surfing,paddling,seawards,,,,,,,,,,,,,,,,
Unprovoked,surfing,paddling,seawards,,,,,,,,,,,,,,,,
Unprovoked,sitting,surfboard,,,,,,,,,,,,,,,,,
Unprovoked,boogie,boarding,,,,,,,,,,,,,,,,,
Unprovoked,surfing,,,,,,,,,,,,,,,,,,
Unprovoked,surfing,,,,,,,,,,,,,,,,,,
Unprovoked,swimming,,,,,,,,,,,,,,,,,,
Unprovoked,diving,diving,but,surface,,,,,,,,,,,,,,,
Unprovoked,standing,sandbar,,,,,,,,,,,,,,,,,
Provoked,clamming,,,,,,,,,,,,,,,,,,
Unprovoked,swimming,,,,,,,,,,,,,,,,,,
Unprovoked,swimming,,,,,,,,,,,,,,,,,,
Unprovoked,treading,,,,,,,,,,,,,,,,,,
Unprovoked,wading,,,,,,,,,,,,,,,,,,
Provoked,bitten,while,cutting,from,net,,,,,,,,,,,,,,
Unprovoked,swimming,,,,,,,,,,,,,,,,,,
Unprovoked,diving,,,,,,,,,,,,,,,,,,
Unprovoked,swimming,,,,,,,,,,,,,,,,,,
Unprovoked,surfing,,,,,,,,,,,,,,,,,,
Unprovoked,surfing,,,,,,,,,,,,,,,,,,
Unprovoked,swimming,,,,,,,,,,,,,,,,,,
Unprovoked,spearfishing,,,,,,,,,,,,,,,,,,
Provoked,fishing,,,,,,,,,,,,,,,,,,
Unprovoked,surfing,,,,,,,,,,,,,,,,,,
Unprovoked,swimming,,,,,,,,,,,,,,,,,,
Unprovoked,swimming,,,,,,,,,,,,,,,,,,
Unprovoked,wading,,,,,,,,,,,,,,,,,,
Unprovoked,standing,,,,,,,,,,,,,,,,,,
Unprovoked,swimming,,,,,,,,,,,,,,,,,,
Unprovoked,surfing,,,,,,,,,,,,,,,,,,
Unprovoked,wade,fishing,,,,,,,,,,,,,,,,,
Unprovoked,surfing,,,,,,,,,,,,,,,,,,
Provoked,fishing,,,,,,,,,,,,,,,,,,
Unprovoked,boogie,boarding,,,,,,,,,,,,,,,,,
Unprovoked,surfing,,,,,,,,,,,,,,,,,,
Unprovoked,surfing,,,,,,,,,,,,,,,,,,
Unprovoked,diving,diving,,,,,,,,,,,,,,,,,
Unprovoked,surfing,,,,,,,,,,,,,,,,,,
Unprovoked,surfing,,,,,,,,,,,,,,,,,,
Provoked,surfing,,,,,,,,,,,,,,,,,,
Provoked,fishing,,,,,,,,,,,,,,,,,,
Unprovoked,surfing,,,,,,,,,,,,,,,,,,
Unprovoked,boogie,boarding,,,,,,,,,,,,,,,,,
Unprovoked,swimming,,,,,,,,,,,,,,,,,,
Unprovoked,surfing,,,,,,,,,,,,,,,,,,
Unprovoked,surfing,,,,,,,,,,,,,,,,,,
Unprovoked,wading,,,,,,,,,,,,,,,,,,
Unprovoked,surfing,,,,,,,,,,,,,,,,,,
Provoked,surfing,,,,,,,,,,,,,,,,,,
Unprovoked,boarding,,,,,,,,,,,,,,,,,,
Unprovoked,walking,surfing,,,,,,,,,,,,,,,,,
Unprovoked,surfing,sitting,his,board,,,,,,,,,,,,,,,
Unprovoked,surfing,,,,,,,,,,,,,,,,,,
Unprovoked,surfing,,,,,,,,,,,,,,,,,,
Unprovoked,standing,,,,,,,,,,,,,,,,,,
Unprovoked,sitting,surfboard,,,,,,,,,,,,,,,,,
Unprovoked,surfing,,,,,,,,,,,,,,,,,,
Unprovoked,swimming,,,,,,,,,,,,,,,,,,
Provoked,fishing,,,,,,,,,,,,,,,,,,
Unprovoked,spearfishing,but,swimming,surface,,,,,,,,,,,,,,,
Unprovoked,swimming,,,,,,,,,,,,,,,,,,
Unprovoked,diving,abalone,hookah,,,,,,,,,,,,,,,,
Unprovoked,crabbing,spearing,crabs,,,,,,,,,,,,,,,,
Unprovoked,free,diving,,,,,,,,,,,,,,,,,
Provoked,fishing,,,,,,,,,,,,,,,,,,
Unprovoked,paddling,surfboard,,,,,,,,,,,,,,,,,
Provoked,fishing,,,,,,,,,,,,,,,,,,
Unprovoked,swimming,ducking,shells,in,m,deep,,,,,,,,,,,,,
Unprovoked,floating,,,,,,,,,,,,,,,,,,
Unprovoked,spearfishing,carrying,fish,spear,,,,,,,,,,,,,,,
Unprovoked,swimming,,,,,,,,,,,,,,,,,,
Unprovoked,standing,,,,,,,,,,,,,,,,,,
Unprovoked,swimming,,,,,,,,,,,,,,,,,,
Unprovoked,surfing,,,,,,,,,,,,,,,,,,
Unprovoked,swimming,standing,,,,,,,,,,,,,,,,,
Unprovoked,wading,,,,,,,,,,,,,,,,,,
Unprovoked,swimming,,,,,,,,,,,,,,,,,,
Unprovoked,swimming,,,,,,,,,,,,,,,,,,
Unprovoked,swimming,,,,,,,,,,,,,,,,,,
Unprovoked,wading,,,,,,,,,,,,,,,,,,
Unprovoked,surfing,,,,,,,,,,,,,,,,,,
Unprovoked,spearfishing,,,,,,,,,,,,,,,,,,
Unprovoked,wading,,,,,,,,,,,,,,,,,,
Unprovoked,surfing,,,,,,,,,,,,,,,,,,
Unprovoked,swimming,,,,,,,,,,,,,,,,,,
Unprovoked,surfing,,,,,,,,,,,,,,,,,,
Unprovoked,swimming,,,,,,,,,,,,,,,,,,
Unprovoked,wading,,,,,,,,,,,,,,,,,,
Unprovoked,surfing,,,,,,,,,,,,,,,,,,
Unprovoked,wading,or,swimming,,,,,,,,,,,,,,,,
Unprovoked,surfing,,,,,,,,,,,,,,,,,,
Unprovoked,surfing,,,,,,,,,,,,,,,,,,
Unprovoked,surfing,,,,,,,,,,,,,,,,,,
Unprovoked,surfing,,,,,,,,,,,,,,,,,,
Unprovoked,surfing,,,,,,,,,,,,,,,,,,
Unprovoked,swimming,,,,,,,,,,,,,,,,,,
Unprovoked,swimming,,,,,,,,,,,,,,,,,,
Unprovoked,surfing,,,,,,,,,,,,,,,,,,
Unprovoked,standing,,,,,,,,,,,,,,,,,,
Unprovoked,standing,,,,,,,,,,,,,,,,,,
Unprovoked,surfing,,,,,,,,,,,,,,,,,,
Unprovoked,surfing,,,,,,,,,,,,,,,,,,
Unprovoked,diving,,,,,,,,,,,,,,,,,,
Unprovoked,surfing,,,,,,,,,,,,,,,,,,
Unprovoked,wading,,,,,,,,,,,,,,,,,,
Unprovoked,surfing,,,,,,,,,,,,,,,,,,
Unprovoked,surfing,,,,,,,,,,,,,,,,,,
Unprovoked,boogie,boarding,or,surfing,,,,,,,,,,,,,,,
Unprovoked,sitting,surfboard,,,,,,,,,,,,,,,,,
Unprovoked,swimming,out,porpoises,,,,,,,,,,,,,,,,
Unprovoked,playing,,,,,,,,,,,,,,,,,,
Unprovoked,wading,,,,,,,,,,,,,,,,,,
Unprovoked,surfing,stood,up,sandbar,,,,,,,,,,,,,,,
Unprovoked,surfing,,,,,,,,,,,,,,,,,,
Unprovoked,surfing,,,,,,,,,,,,,,,,,,
Unprovoked,surfing,,,,,,,,,,,,,,,,,,
Unprovoked,commercial,diver,submerged,or,treading,,,,,,,,,,,,,,
Unprovoked,wading,,,,,,,,,,,,,,,,,,
Unprovoked,surfing,,,,,,,,,,,,,,,,,,
Unprovoked,spearfishing,using,diving,trailing,a,string,of,bleeding,fish,,,,,,,,,,
Unprovoked,surfing,,,,,,,,,,,,,,,,,,
Unprovoked,floating,inner,tube,after,diving,lobster,,,,,,,,,,,,,
Unprovoked,windsurfing,,,,,,,,,,,,,,,,,,
Unprovoked,surfing,,,,,,,,,,,,,,,,,,
Unprovoked,surfing,,,,,,,,,,,,,,,,,,
Unprovoked,diving,,,,,,,,,,,,,,,,,,
Unprovoked,swimming,,,,,,,,,,,,,,,,,,
Unprovoked,diving,,,,,,,,,,,,,,,,,,
Unprovoked,spearfishing,,,,,,,,,,,,,,,,,,
Unprovoked,swimming,near,his,boat,,,,,,,,,,,,,,,
Unprovoked,swimming,,,,,,,,,,,,,,,,,,
Unprovoked,escaping,from,alacatraz,,,,,,,,,,,,,,,,
Unprovoked,fishing,struck,by,another,when,removing,from,line,,,,,,,,,,,
Unprovoked,swimming,,,,,,,,,,,,,,,,,,
Unprovoked,skin,diving,,,,,,,,,,,,,,,,,
Unprovoked,surfing,,,,,,,,,,,,,,,,,,
Provoked,fishing,,,,,,,,,,,,,,,,,,
Unprovoked,standing,,,,,,,,,,,,,,,,,,
Unprovoked,surfing,,,,,,,,,,,,,,,,,,
Unprovoked,swimming,,,,,,,,,,,,,,,,,,
Unprovoked,swimming,,,,,,,,,,,,,,,,,,
Unprovoked,snorkeling,,,,,,,,,,,,,,,,,,
Unprovoked,stand,up,paddleboarding,,,,,,,,,,,,,,,,
Unprovoked,tagging,sharks,,,,,,,,,,,,,,,,,
Unprovoked,swimming,,,,,,,,,,,,,,,,,,
Unprovoked,surfing,,,,,,,,,,,,,,,,,,
Unprovoked,spearfishing,,,,,,,,,,,,,,,,,,
Unprovoked,surfing,,,,,,,,,,,,,,,,,,
Unprovoked,swimming,,,,,,,,,,,,,,,,,,
Unprovoked,wading,,,,,,,,,,,,,,,,,,
Unprovoked,wading,,,,,,,,,,,,,,,,,,
Unprovoked,surfing,,,,,,,,,,,,,,,,,,
Unprovoked,surfing,,,,,,,,,,,,,,,,,,
Unprovoked,surfing,,,,,,,,,,,,,,,,,,
Unprovoked,fishing,,,,,,,,,,,,,,,,,,
Unprovoked,wading,,,,,,,,,,,,,,,,,,
Unprovoked,sitting,surfboard,,,,,,,,,,,,,,,,,
Unprovoked,swimming,pod,of,dolphins,,,,,,,,,,,,,,,
Unprovoked,surfing,,,,,,,,,,,,,,,,,,
Unprovoked,boarding,,,,,,,,,,,,,,,,,,
Unprovoked,wading,,,,,,,,,,,,,,,,,,
Unprovoked,surfing,,,,,,,,,,,,,,,,,,
Unprovoked,swimming,,,,,,,,,,,,,,,,,,
Unprovoked,swimming,,,,,,,,,,,,,,,,,,
Unprovoked,wading,in,school,of,baitfish,,,,,,,,,,,,,,
Unprovoked,swimming,surfing,,,,,,,,,,,,,,,,,
Unprovoked,swimming,,,,,,,,,,,,,,,,,,
Unprovoked,swimming,,,,,,,,,,,,,,,,,,
Unprovoked,surfing,,,,,,,,,,,,,,,,,,
Unprovoked,hookah,diving,sea,urchins,,,,,,,,,,,,,,,
Unprovoked,surfing,,,,,,,,,,,,,,,,,,
Unprovoked,surfing,,,,,,,,,,,,,,,,,,
Provoked,fishing,,,,,,,,,,,,,,,,,,
Unprovoked,swimming,,,,,,,,,,,,,,,,,,
Unprovoked,surfing,,,,,,,,,,,,,,,,,,
Unprovoked,surfing,,,,,,,,,,,,,,,,,,
Unprovoked,surfing,,,,,,,,,,,,,,,,,,
Unprovoked,swimming,,,,,,,,,,,,,,,,,,
Unprovoked,diving,diving,,,,,,,,,,,,,,,,,
Unprovoked,diving,diving,spearfishing,,,,,,,,,,,,,,,,
Unprovoked,free,diving,abalone,,,,,,,,,,,,,,,,
Unprovoked,diving,abaone,diving,but,surface,,,,,,,,,,,,,,
Unprovoked,surfing,,,,,,,,,,,,,,,,,,
Provoked,pulling,from,,,,,,,,,,,,,,,,,
Unprovoked,swimming,,,,,,,,,,,,,,,,,,
Unprovoked,free,diving,,,,,,,,,,,,,,,,,
Unprovoked,spearfishing,,,,,,,,,,,,,,,,,,
Unprovoked,sitting,,,,,,,,,,,,,,,,,,
Unprovoked,surfing,,,,,,,,,,,,,,,,,,
Unprovoked,surfing,,,,,,,,,,,,,,,,,,
Unprovoked,fishing,fell,in,,,,,,,,,,,,,,,,
Unprovoked,treading,,,,,,,,,,,,,,,,,,
Unprovoked,swimming,,,,,,,,,,,,,,,,,,
Unprovoked,surfing,,,,,,,,,,,,,,,,,,
Unprovoked,surfing,,,,,,,,,,,,,,,,,,
Unprovoked,boarding,,,,,,,,,,,,,,,,,,
Provoked,lobstering,,,,,,,,,,,,,,,,,,
Unprovoked,swimming,,,,,,,,,,,,,,,,,,
Unprovoked,surfing,,,,,,,,,,,,,,,,,,
Unprovoked,surfing,,,,,,,,,,,,,,,,,,
Unprovoked,surfing,,,,,,,,,,,,,,,,,,
Unprovoked,swimming,,,,,,,,,,,,,,,,,,
Unprovoked,surfing,,,,,,,,,,,,,,,,,,
Unprovoked,surfing,,,,,,,,,,,,,,,,,,
Unprovoked,stand,up,paddleboarding,,,,,,,,,,,,,,,,
Unprovoked,wade,fishing,,,,,,,,,,,,,,,,,
Unprovoked,swimming,,,,,,,,,,,,,,,,,,
Unprovoked,wading,,,,,,,,,,,,,,,,,,
Unprovoked,wading,,,,,,,,,,,,,,,,,,
Unprovoked,standing,,,,,,,,,,,,,,,,,,
Provoked,fishing,,,,,,,,,,,,,,,,,,
Unprovoked,surfing,,,,,,,,,,,,,,,,,,
Unprovoked,swimming,,,,,,,,,,,,,,,,,,
Unprovoked,spearfishing,,,,,,,,,,,,,,,,,,
Unprovoked,spearfishing,,,,,,,,,,,,,,,,,,
Unprovoked,surfing,,,,,,,,,,,,,,,,,,
Provoked,surfing,fell,off,surfboard,stepped,,,,,,,,,,,,,,
Unprovoked,swimming,,,,,,,,,,,,,,,,,,
Unprovoked,surfing,,,,,,,,,,,,,,,,,,
Unprovoked,surfing,sitting,his,board,,,,,,,,,,,,,,,
Unprovoked,lying,prone,in,of,,,,,,,,,,,,,,,
Unprovoked,surfing,,,,,,,,,,,,,,,,,,
Unprovoked,surfing,,,,,,,,,,,,,,,,,,
Unprovoked,surfing,,,,,,,,,,,,,,,,,,
Unprovoked,surfing,,,,,,,,,,,,,,,,,,
Unprovoked,boarding,,,,,,,,,,,,,,,,,,
Unprovoked,surfing,,,,,,,,,,,,,,,,,,
Unprovoked,surfing,,,,,,,,,,,,,,,,,,
Unprovoked,surfing,sitting,his,board,,,,,,,,,,,,,,,
Unprovoked,snorkeling,,,,,,,,,,,,,,,,,,
Unprovoked,swimming,,,,,,,,,,,,,,,,,,
Unprovoked,windsurfing,,,,,,,,,,,,,,,,,,
Unprovoked,surfing,,,,,,,,,,,,,,,,,,
Unprovoked,surfing,,,,,,,,,,,,,,,,,,
Unprovoked,swimming,,,,,,,,,,,,,,,,,,
Unprovoked,standing,,,,,,,,,,,,,,,,,,
Unprovoked,diving,diving,,,,,,,,,,,,,,,,,
Unprovoked,spearfishing,,,,,,,,,,,,,,,,,,
Unprovoked,bathing,,,,,,,,,,,,,,,,,,
Provoked,fishing,charter,boat,silver,dollar,,,,,,,,,,,,,,
Provoked,cleaning,a,tank,,,,,,,,,,,,,,,,
Unprovoked,swimming,from,camp,,,,,,,,,,,,,,,,
Unprovoked,pulling,raft,out,ride,shore,,,,,,,,,,,,,,
Provoked,surf,fishing,,,,,,,,,,,,,,,,,
Unprovoked,free,diving,abalone,diving,but,surface,,,,,,,,,,,,,
Provoked,free,diving,,,,,,,,,,,,,,,,,
Provoked,removing,from,net,,,,,,,,,,,,,,,,
Unprovoked,wading,,,,,,,,,,,,,,,,,,
Unprovoked,swimming,,,,,,,,,,,,,,,,,,
Provoked,kayak,fishing,,,,,,,,,,,,,,,,,
Unprovoked,surfing,,,,,,,,,,,,,,,,,,
Provoked,fishing,,,,,,,,,,,,,,,,,,
Unprovoked,surfing,,,,,,,,,,,,,,,,,,
Unprovoked,surfing,,,,,,,,,,,,,,,,,,
Unprovoked,surfing,,,,,,,,,,,,,,,,,,
Unprovoked,surfing,,,,,,,,,,,,,,,,,,
Unprovoked,surfing,,,,,,,,,,,,,,,,,,
Unprovoked,surfing,,,,,,,,,,,,,,,,,,
Unprovoked,surfing,,,,,,,,,,,,,,,,,,
Unprovoked,spearfishing,,,,,,,,,,,,,,,,,,
Unprovoked,surfing,,,,,,,,,,,,,,,,,,
Unprovoked,surfing,,,,,,,,,,,,,,,,,,
Unprovoked,surfing,,,,,,,,,,,,,,,,,,
Unprovoked,stand,up,paddleboarding,,,,,,,,,,,,,,,,
Unprovoked,snorkeling,,,,,,,,,,,,,,,,,,
Unprovoked,swimming,,,,,,,,,,,,,,,,,,
Unprovoked,swimming,,,,,,,,,,,,,,,,,,
Unprovoked,wading,,,,,,,,,,,,,,,,,,
Unprovoked,surfing,,,,,,,,,,,,,,,,,,
Unprovoked,wading,,,,,,,,,,,,,,,,,,
Unprovoked,boarding,,,,,,,,,,,,,,,,,,
Unprovoked,surfing,,,,,,,,,,,,,,,,,,
Unprovoked,swimming,,,,,,,,,,,,,,,,,,
Unprovoked,surfing,,,,,,,,,,,,,,,,,,
Unprovoked,wading,,,,,,,,,,,,,,,,,,
Provoked,reviving,a,sedated,,,,,,,,,,,,,,,,
Unprovoked,swimming,,,,,,,,,,,,,,,,,,
Unprovoked,spearfishing,,,,,,,,,,,,,,,,,,
Unprovoked,surfing,,,,,,,,,,,,,,,,,,
Unprovoked,swimming,,,,,,,,,,,,,,,,,,
Unprovoked,surfing,,,,,,,,,,,,,,,,,,
Unprovoked,surfing,,,,,,,,,,,,,,,,,,
Unprovoked,surfing,,,,,,,,,,,,,,,,,,
Unprovoked,boogie,boarding,,,,,,,,,,,,,,,,,
Unprovoked,swimming,,,,,,,,,,,,,,,,,,
Provoked,wading,when,he,stepped,,,,,,,,,,,,,,,
Unprovoked,standing,,,,,,,,,,,,,,,,,,
Provoked,surfing,,,,,,,,,,,,,,,,,,
Unprovoked,swimming,,,,,,,,,,,,,,,,,,
Unprovoked,surfing,,,,,,,,,,,,,,,,,,
Unprovoked,swimming,snorkeling,,,,,,,,,,,,,,,,,
Unprovoked,surfing,,,,,,,,,,,,,,,,,,
Unprovoked,swimming,,,,,,,,,,,,,,,,,,
Unprovoked,surfing,,,,,,,,,,,,,,,,,,
Unprovoked,surfing,or,boarding,,,,,,,,,,,,,,,,
Unprovoked,surfing,,,,,,,,,,,,,,,,,,
Unprovoked,surfing,,,,,,,,,,,,,,,,,,
Unprovoked,surfing,,,,,,,,,,,,,,,,,,
Unprovoked,surfing,,,,,,,,,,,,,,,,,,
Unprovoked,snorkeling,,,,,,,,,,,,,,,,,,
Unprovoked,boogie,boarding,,,,,,,,,,,,,,,,,
Unprovoked,diving,diving,,,,,,,,,,,,,,,,,
Unprovoked,surfing,,,,,,,,,,,,,,,,,,
Unprovoked,surfing,,,,,,,,,,,,,,,,,,
Unprovoked,surfing,,,,,,,,,,,,,,,,,,
Unprovoked,swimming,,,,,,,,,,,,,,,,,,
Unprovoked,sailboarding,fell,into,yards,outside,breakwater,,,,,,,,,,,,,
Provoked,spearfishing,,,,,,,,,,,,,,,,,,
Unprovoked,spearfishing,,,,,,,,,,,,,,,,,,
Unprovoked,surfing,,,,,,,,,,,,,,,,,,
Unprovoked,surfing,,,,,,,,,,,,,,,,,,
Unprovoked,surfing,,,,,,,,,,,,,,,,,,
Unprovoked,diving,diving,,,,,,,,,,,,,,,,,
Unprovoked,free,diving,,,,,,,,,,,,,,,,,
Unprovoked,swimming,,,,,,,,,,,,,,,,,,
Unprovoked,helmet,diving,in,miami,seaquarium,,,,,,,,,,,,,,
Provoked,surf,fishing,,,,,,,,,,,,,,,,,
Unprovoked,surfing,,,,,,,,,,,,,,,,,,
Unprovoked,surfing,,,,,,,,,,,,,,,,,,
Unprovoked,boogie,boarding,,,,,,,,,,,,,,,,,
Unprovoked,surfing,,,,,,,,,,,,,,,,,,
Unprovoked,swimming,,,,,,,,,,,,,,,,,,
Unprovoked,wading,,,,,,,,,,,,,,,,,,
Unprovoked,standing,,,,,,,,,,,,,,,,,,
Unprovoked,boarding,,,,,,,,,,,,,,,,,,
Unprovoked,kayaking,,,,,,,,,,,,,,,,,,
Unprovoked,surfing,,,,,,,,,,,,,,,,,,
Unprovoked,swimming,,,,,,,,,,,,,,,,,,
Unprovoked,surfing,,,,,,,,,,,,,,,,,,
Unprovoked,wading,,,,,,,,,,,,,,,,,,
Unprovoked,snorkeling,,,,,,,,,,,,,,,,,,
Unprovoked,boogie,boarding,,,,,,,,,,,,,,,,,
Unprovoked,playing,,,,,,,,,,,,,,,,,,
Unprovoked,surfing,or,boogie,boarding,,,,,,,,,,,,,,,
Unprovoked,surfing,,,,,,,,,,,,,,,,,,
Provoked,fishing,sharks,,,,,,,,,,,,,,,,,
Unprovoked,swimming,,,,,,,,,,,,,,,,,,
Unprovoked,snorkeling,,,,,,,,,,,,,,,,,,
Unprovoked,surfing,,,,,,,,,,,,,,,,,,
Unprovoked,surfing,,,,,,,,,,,,,,,,,,
Unprovoked,playing,in,surf,,,,,,,,,,,,,,,,
Unprovoked,standing,,,,,,,,,,,,,,,,,,
Provoked,measuring,sharks,,,,,,,,,,,,,,,,,
Unprovoked,surfing,,,,,,,,,,,,,,,,,,
Unprovoked,snorkeling,,,,,,,,,,,,,,,,,,
Unprovoked,surfing,,,,,,,,,,,,,,,,,,
Unprovoked,surfing,,,,,,,,,,,,,,,,,,
Unprovoked,walking,out,of,after,surfing,,,,,,,,,,,,,,
Unprovoked,wading,,,,,,,,,,,,,,,,,,
Unprovoked,wading,,,,,,,,,,,,,,,,,,
Unprovoked,swimming,,,,,,,,,,,,,,,,,,
Unprovoked,wading,,,,,,,,,,,,,,,,,,
Unprovoked,surfing,,,,,,,,,,,,,,,,,,
Provoked,petting,captive,sharks,,,,,,,,,,,,,,,,
Unprovoked,surfing,,,,,,,,,,,,,,,,,,
Unprovoked,surfing,,,,,,,,,,,,,,,,,,
Unprovoked,snorkeling,,,,,,,,,,,,,,,,,,
Unprovoked,surfing,,,,,,,,,,,,,,,,,,
Unprovoked,boogie,boarding,,,,,,,,,,,,,,,,,
Unprovoked,spearfishing,diving,transferring,fish,onto,a,stringer,,,,,,,,,,,,
Unprovoked,surfing,,,,,,,,,,,,,,,,,,
Unprovoked,surfing,,,,,,,,,,,,,,,,,,
Provoked,filming,blue,,,,,,,,,,,,,,,,,
Unprovoked,surfing,,,,,,,,,,,,,,,,,,
Unprovoked,swimming,,,,,,,,,,,,,,,,,,
Unprovoked,swimming,,,,,,,,,,,,,,,,,,
Unprovoked,free,diving,abalone,surfacing,,,,,,,,,,,,,,,
Unprovoked,spearfishing,diving,diving,,,,,,,,,,,,,,,,
Unprovoked,free,diving,but,surface,,,,,,,,,,,,,,,
Unprovoked,surfing,,,,,,,,,,,,,,,,,,
Unprovoked,surfing,,,,,,,,,,,,,,,,,,
Unprovoked,surfing,,,,,,,,,,,,,,,,,,
Provoked,fishing,,,,,,,,,,,,,,,,,,
Unprovoked,spearfishing,diving,diving,surface,,,,,,,,,,,,,,,
Provoked,fishing,albacore,,,,,,,,,,,,,,,,,
Unprovoked,fishing,,,,,,,,,,,,,,,,,,
Provoked,free,diving,,,,,,,,,,,,,,,,,
Provoked,fishing,,,,,,,,,,,,,,,,,,
Unprovoked,surfing,,,,,,,,,,,,,,,,,,
Unprovoked,swimming,,,,,,,,,,,,,,,,,,
Unprovoked,swimming,,,,,,,,,,,,,,,,,,
Unprovoked,surfing,,,,,,,,,,,,,,,,,,
Unprovoked,swimming,,,,,,,,,,,,,,,,,,
Unprovoked,snorkeling,,,,,,,,,,,,,,,,,,
Unprovoked,surfing,,,,,,,,,,,,,,,,,,
Unprovoked,spearfishing,diving,,,,,,,,,,,,,,,,,
Unprovoked,surfing,,,,,,,,,,,,,,,,,,
Unprovoked,surfing,,,,,,,,,,,,,,,,,,
Unprovoked,swimming,,,,,,,,,,,,,,,,,,
Unprovoked,surfing,,,,,,,,,,,,,,,,,,
Unprovoked,swimming,,,,,,,,,,,,,,,,,,
Unprovoked,standing,in,inner,tube,,,,,,,,,,,,,,,
Unprovoked,surfing,,,,,,,,,,,,,,,,,,
Unprovoked,surfing,,,,,,,,,,,,,,,,,,
Unprovoked,surfing,,,,,,,,,,,,,,,,,,
Unprovoked,swimming,,,,,,,,,,,,,,,,,,
Unprovoked,surfing,,,,,,,,,,,,,,,,,,
Unprovoked,boogie,boarding,,,,,,,,,,,,,,,,,
Provoked,fishing,,,,,,,,,,,,,,,,,,
Unprovoked,surfing,,,,,,,,,,,,,,,,,,
Provoked,kite,surfing,,,,,,,,,,,,,,,,,
Unprovoked,surfing,,,,,,,,,,,,,,,,,,
Unprovoked,kite,boarding,,,,,,,,,,,,,,,,,
Unprovoked,paddle,surfing,,,,,,,,,,,,,,,,,
Unprovoked,surfing,,,,,,,,,,,,,,,,,,
Unprovoked,surfing,,,,,,,,,,,,,,,,,,
Unprovoked,surfing,,,,,,,,,,,,,,,,,,
Unprovoked,surfing,,,,,,,,,,,,,,,,,,
Unprovoked,swimming,,,,,,,,,,,,,,,,,,
Unprovoked,surfing,,,,,,,,,,,,,,,,,,
Provoked,spearfishing,,,,,,,,,,,,,,,,,,
Unprovoked,surfing,,,,,,,,,,,,,,,,,,
Unprovoked,swimming,,,,,,,,,,,,,,,,,,
Unprovoked,surfing,wading,,,,,,,,,,,,,,,,,
Unprovoked,surfing,,,,,,,,,,,,,,,,,,
Unprovoked,surfing,,,,,,,,,,,,,,,,,,
Unprovoked,surfing,,,,,,,,,,,,,,,,,,
Unprovoked,swimming,,,,,,,,,,,,,,,,,,
Unprovoked,standing,,,,,,,,,,,,,,,,,,
Unprovoked,boogie,boarding,,,,,,,,,,,,,,,,,
Unprovoked,playing,jumping,,,,,,,,,,,,,,,,,
Unprovoked,surfing,,,,,,,,,,,,,,,,,,
Unprovoked,floating,his,back,,,,,,,,,,,,,,,,
Unprovoked,surfing,,,,,,,,,,,,,,,,,,
Provoked,fishing,,,,,,,,,,,,,,,,,,
Unprovoked,surfing,,,,,,,,,,,,,,,,,,
Unprovoked,surfing,,,,,,,,,,,,,,,,,,
Unprovoked,surfing,,,,,,,,,,,,,,,,,,
Unprovoked,paddling,surfboard,,,,,,,,,,,,,,,,,
Unprovoked,swimming,,,,,,,,,,,,,,,,,,
Unprovoked,diving,diving,lobster,surface,,,,,,,,,,,,,,,
Unprovoked,surfing,sitting,his,board,,,,,,,,,,,,,,,
Provoked,steinhart,aquarium,,,,,,,,,,,,,,,,,
Unprovoked,in,waist,deep,,,,,,,,,,,,,,,,
Unprovoked,surfing,,,,,,,,,,,,,,,,,,
Unprovoked,surfing,,,,,,,,,,,,,,,,,,
Unprovoked,surfing,,,,,,,,,,,,,,,,,,
Unprovoked,diving,diving,but,surface,,,,,,,,,,,,,,,
Unprovoked,surfing,,,,,,,,,,,,,,,,,,
Unprovoked,escaping,from,alacatraz,,,,,,,,,,,,,,,,
Unprovoked,standing,,,,,,,,,,,,,,,,,,
Unprovoked,swimming,miles,offshore,,,,,,,,,,,,,,,,
Provoked,floating,in,inner,tube,,,,,,,,,,,,,,,
Unprovoked,diving,diving,,,,,,,,,,,,,,,,,
Unprovoked,spearfishing,,,,,,,,,,,,,,,,,,
Provoked,fishing,,,,,,,,,,,,,,,,,,
Provoked,fishing,,,,,,,,,,,,,,,,,,
Unprovoked,swimming,,,,,,,,,,,,,,,,,,
Unprovoked,wing,foil,surfing,,,,,,,,,,,,,,,,
Unprovoked,playing,,,,,,,,,,,,,,,,,,
Unprovoked,surfing,,,,,,,,,,,,,,,,,,
Unprovoked,stand,up,paddleboarding,,,,,,,,,,,,,,,,
Provoked,fishing,,,,,,,,,,,,,,,,,,
Unprovoked,sup,,,,,,,,,,,,,,,,,,
Unprovoked,swimming,,,,,,,,,,,,,,,,,,
Unprovoked,floating,,,,,,,,,,,,,,,,,,
Unprovoked,boogie,boarding,,,,,,,,,,,,,,,,,
Unprovoked,surfing,,,,,,,,,,,,,,,,,,
Unprovoked,surfing,,,,,,,,,,,,,,,,,,
Unprovoked,spearfishing,,,,,,,,,,,,,,,,,,
Provoked,fishing,,,,,,,,,,,,,,,,,,
Unprovoked,standing,,,,,,,,,,,,,,,,,,
Unprovoked,surfing,,,,,,,,,,,,,,,,,,
Unprovoked,jet,skiing,,,,,,,,,,,,,,,,,
Provoked,snorkeling,,,,,,,,,,,,,,,,,,
Unprovoked,surfing,,,,,,,,,,,,,,,,,,
Unprovoked,surfing,,,,,,,,,,,,,,,,,,
Provoked,swimming,,,,,,,,,,,,,,,,,,
Unprovoked,wading,,,,,,,,,,,,,,,,,,
Unprovoked,surfing,,,,,,,,,,,,,,,,,,
Unprovoked,surfing,,,,,,,,,,,,,,,,,,
Unprovoked,surfing,,,,,,,,,,,,,,,,,,
Unprovoked,surfing,,,,,,,,,,,,,,,,,,
Unprovoked,surfing,,,,,,,,,,,,,,,,,,
Unprovoked,surfing,,,,,,,,,,,,,,,,,,
Unprovoked,standing,,,,,,,,,,,,,,,,,,
Unprovoked,playing,in,surf,his,dogs,,,,,,,,,,,,,,
Unprovoked,swimming,,,,,,,,,,,,,,,,,,
Unprovoked,spearfishing,,,,,,,,,,,,,,,,,,
Unprovoked,standing,,,,,,,,,,,,,,,,,,
Unprovoked,surfing,,,,,,,,,,,,,,,,,,
Unprovoked,swimming,,,,,,,,,,,,,,,,,,
Unprovoked,surfing,,,,,,,,,,,,,,,,,,
Unprovoked,diving,diving,,,,,,,,,,,,,,,,,
Unprovoked,boarding,,,,,,,,,,,,,,,,,,
Unprovoked,wading,,,,,,,,,,,,,,,,,,
Provoked,removing,from,tank,in,nightclub,,,,,,,,,,,,,,
Unprovoked,paddling,surfboard,,,,,,,,,,,,,,,,,
Provoked,fishing,,,,,,,,,,,,,,,,,,
Unprovoked,standing,,,,,,,,,,,,,,,,,,
Unprovoked,swimming,from,shore,anchored,sailboat,,,,,,,,,,,,,,
Unprovoked,surfing,,,,,,,,,,,,,,,,,,
Unprovoked,towing,her,sister,plastic,ski,board,,,,,,,,,,,,,
Unprovoked,surfing,,,,,,,,,,,,,,,,,,
Unprovoked,surfing,,,,,,,,,,,,,,,,,,
Unprovoked,standing,,,,,,,,,,,,,,,,,,
Unprovoked,surfing,,,,,,,,,,,,,,,,,,
Unprovoked,free,diving,,,,,,,,,,,,,,,,,
Unprovoked,surfing,,,,,,,,,,,,,,,,,,
Unprovoked,standing,,,,,,,,,,,,,,,,,,
Unprovoked,spearfishing,,,,,,,,,,,,,,,,,,
Unprovoked,swimming,,,,,,,,,,,,,,,,,,
Unprovoked,standing,,,,,,,,,,,,,,,,,,
Unprovoked,standing,,,,,,,,,,,,,,,,,,
Provoked,spearfishing,,,,,,,,,,,,,,,,,,
Unprovoked,canoeing,,,,,,,,,,,,,,,,,,
Unprovoked,surfing,,,,,,,,,,,,,,,,,,
Unprovoked,surfing,,,,,,,,,,,,,,,,,,
Unprovoked,wading,,,,,,,,,,,,,,,,,,
Unprovoked,surfing,,,,,,,,,,,,,,,,,,
Unprovoked,surfing,,,,,,,,,,,,,,,,,,
Unprovoked,surfing,,,,,,,,,,,,,,,,,,
Unprovoked,wading,,,,,,,,,,,,,,,,,,
Unprovoked,standing,,,,,,,,,,,,,,,,,,
Unprovoked,paddle,boarding,,,,,,,,,,,,,,,,,
Unprovoked,surfing,,,,,,,,,,,,,,,,,,
Unprovoked,standing,,,,,,,,,,,,,,,,,,
Unprovoked,swimming,,,,,,,,,,,,,,,,,,
Unprovoked,swimming,,,,,,,,,,,,,,,,,,
Unprovoked,surfing,,,,,,,,,,,,,,,,,,
Unprovoked,surfing,,,,,,,,,,,,,,,,,,
Unprovoked,surfing,,,,,,,,,,,,,,,,,,
Unprovoked,surfing,,,,,,,,,,,,,,,,,,
Unprovoked,boogie,boarding,,,,,,,,,,,,,,,,,
Unprovoked,swimming,,,,,,,,,,,,,,,,,,
Unprovoked,treading,,,,,,,,,,,,,,,,,,
Unprovoked,diving,,,,,,,,,,,,,,,,,,
Unprovoked,wading,,,,,,,,,,,,,,,,,,
Unprovoked,boogie,boarding,,,,,,,,,,,,,,,,,
Unprovoked,boarding,,,,,,,,,,,,,,,,,,
Unprovoked,swimming,,,,,,,,,,,,,,,,,,
Unprovoked,surfing,,,,,,,,,,,,,,,,,,
Unprovoked,standing,,,,,,,,,,,,,,,,,,
Unprovoked,spearfishing,,,,,,,,,,,,,,,,,,
Unprovoked,surfing,,,,,,,,,,,,,,,,,,
Unprovoked,surfing,,,,,,,,,,,,,,,,,,
Unprovoked,surfing,,,,,,,,,,,,,,,,,,
Unprovoked,wading,,,,,,,,,,,,,,,,,,
Unprovoked,swimming,using,a,float,,,,,,,,,,,,,,,
Unprovoked,boarding,,,,,,,,,,,,,,,,,,
Unprovoked,boogie,boarding,,,,,,,,,,,,,,,,,
Unprovoked,surfing,,,,,,,,,,,,,,,,,,
Unprovoked,standing,,,,,,,,,,,,,,,,,,
Unprovoked,free,diving,spearfishing,from,paddleboard,floating,surface,,,,,,,,,,,,
Unprovoked,spearfishing,,,,,,,,,,,,,,,,,,
Unprovoked,wading,,,,,,,,,,,,,,,,,,
Provoked,fishing,,,,,,,,,,,,,,,,,,
Unprovoked,diving,diving,,,,,,,,,,,,,,,,,
Unprovoked,surfing,,,,,,,,,,,,,,,,,,
Unprovoked,surfing,or,surfing,,,,,,,,,,,,,,,,
Unprovoked,surfing,,,,,,,,,,,,,,,,,,
Unprovoked,free,diving,but,surfacing,,,,,,,,,,,,,,,
Unprovoked,diving,,,,,,,,,,,,,,,,,,
Unprovoked,swimming,,,,,,,,,,,,,,,,,,
Unprovoked,spearfishing,,,,,,,,,,,,,,,,,,
Unprovoked,walking,in,chest,deep,,,,,,,,,,,,,,,
Unprovoked,swimming,,,,,,,,,,,,,,,,,,
Unprovoked,surfing,,,,,,,,,,,,,,,,,,
Unprovoked,sitting,,,,,,,,,,,,,,,,,,
Unprovoked,swimming,,,,,,,,,,,,,,,,,,
Unprovoked,surfing,,,,,,,,,,,,,,,,,,
Unprovoked,swimming,,,,,,,,,,,,,,,,,,
Unprovoked,boogie,boarding,,,,,,,,,,,,,,,,,
Unprovoked,kite,foiling,,,,,,,,,,,,,,,,,
Unprovoked,surfing,,,,,,,,,,,,,,,,,,
Unprovoked,spearfishing,,,,,,,,,,,,,,,,,,
Unprovoked,surfing,,,,,,,,,,,,,,,,,,
Unprovoked,surfing,,,,,,,,,,,,,,,,,,
Unprovoked,boogie,boarding,,,,,,,,,,,,,,,,,
Unprovoked,swimming,,,,,,,,,,,,,,,,,,
Unprovoked,surfing,,,,,,,,,,,,,,,,,,
Unprovoked,swimming,,,,,,,,,,,,,,,,,,
Unprovoked,swimming,,,,,,,,,,,,,,,,,,
Unprovoked,surfing,,,,,,,,,,,,,,,,,,
Unprovoked,surfing,,,,,,,,,,,,,,,,,,
Unprovoked,swimming,,,,,,,,,,,,,,,,,,
Unprovoked,surfing,,,,,,,,,,,,,,,,,,
Unprovoked,swimming,,,,,,,,,,,,,,,,,,
Unprovoked,boarding,,,,,,,,,,,,,,,,,,
Unprovoked,surfing,,,,,,,,,,,,,,,,,,
Unprovoked,surfing,,,,,,,,,,,,,,,,,,
Unprovoked,surfing,,,,,,,,,,,,,,,,,,
Unprovoked,surfing,,,,,,,,,,,,,,,,,,
Unprovoked,wade,fishing,,,,,,,,,,,,,,,,,
Unprovoked,diving,diving,,,,,,,,,,,,,,,,,
Unprovoked,surfing,,,,,,,,,,,,,,,,,,
Unprovoked,surfing,,,,,,,,,,,,,,,,,,
Unprovoked,wading,,,,,,,,,,,,,,,,,,
Unprovoked,fishing,,,,,,,,,,,,,,,,,,
Unprovoked,swimming,,,,,,,,,,,,,,,,,,
Unprovoked,wading,,,,,,,,,,,,,,,,,,
Unprovoked,playing,,,,,,,,,,,,,,,,,,
Provoked,diving,kissing,,,,,,,,,,,,,,,,,
Unprovoked,walking,,,,,,,,,,,,,,,,,,
Unprovoked,surfing,,,,,,,,,,,,,,,,,,
Unprovoked,surfing,,,,,,,,,,,,,,,,,,
Unprovoked,standing,,,,,,,,,,,,,,,,,,
Unprovoked,surfing,,,,,,,,,,,,,,,,,,
Unprovoked,surfing,,,,,,,,,,,,,,,,,,
Unprovoked,wading,,,,,,,,,,,,,,,,,,
Unprovoked,standing,alongside,surfboard,,,,,,,,,,,,,,,,
Unprovoked,standing,surfing,,,,,,,,,,,,,,,,,
Unprovoked,wading,,,,,,,,,,,,,,,,,,
Unprovoked,surfing,,,,,,,,,,,,,,,,,,
Unprovoked,swimming,near,pod,of,whales,,,,,,,,,,,,,,
Unprovoked,surfing,,,,,,,,,,,,,,,,,,
Unprovoked,surfing,,,,,,,,,,,,,,,,,,
Unprovoked,surfing,swimming,,,,,,,,,,,,,,,,,
Unprovoked,surfing,,,,,,,,,,,,,,,,,,
Provoked,wading,,,,,,,,,,,,,,,,,,
Unprovoked,abalone,diving,using,hookah,resting,surface,,,,,,,,,,,,,
Unprovoked,surfing,,,,,,,,,,,,,,,,,,
Unprovoked,surfing,,,,,,,,,,,,,,,,,,
Unprovoked,wading,,,,,,,,,,,,,,,,,,
Unprovoked,snorkeling,,,,,,,,,,,,,,,,,,
Unprovoked,surfing,,,,,,,,,,,,,,,,,,
Unprovoked,surfing,collided,,,,,,,,,,,,,,,,,
Unprovoked,surfing,,,,,,,,,,,,,,,,,,
Unprovoked,surfing,,,,,,,,,,,,,,,,,,
Unprovoked,surfing,sitting,his,board,,,,,,,,,,,,,,,
Unprovoked,windsurfing,,,,,,,,,,,,,,,,,,
Unprovoked,surfing,,,,,,,,,,,,,,,,,,
Provoked,diving,diving,,,,,,,,,,,,,,,,,
Provoked,spearfishing,diving,diving,,,,,,,,,,,,,,,,
Unprovoked,diving,abalone,hookah,,,,,,,,,,,,,,,,
Unprovoked,swimming,,,,,,,,,,,,,,,,,,
Unprovoked,wading,,,,,,,,,,,,,,,,,,
Unprovoked,surfing,,,,,,,,,,,,,,,,,,
Unprovoked,spearfishing,using,diving,,,,,,,,,,,,,,,,
Provoked,hunting,crayfish,,,,,,,,,,,,,,,,,
Provoked,killing,a,,,,,,,,,,,,,,,,,
Unprovoked,free,diving,,,,,,,,,,,,,,,,,
Provoked,spearfishing,pulled,s,tail,,,,,,,,,,,,,,,
Unprovoked,wading,,,,,,,,,,,,,,,,,,
Unprovoked,swept,out,sea,while,fishing,,,,,,,,,,,,,,
Unprovoked,swimming,,,,,,,,,,,,,,,,,,
Provoked,fishing,,,,,,,,,,,,,,,,,,
Unprovoked,snorkeling,,,,,,,,,,,,,,,,,,
Unprovoked,swimming,,,,,,,,,,,,,,,,,,
Unprovoked,surfing,,,,,,,,,,,,,,,,,,
Unprovoked,surfing,,,,,,,,,,,,,,,,,,
Unprovoked,surfing,,,,,,,,,,,,,,,,,,
Unprovoked,kayak,fishing,,,,,,,,,,,,,,,,,
Unprovoked,boogie,boarding,,,,,,,,,,,,,,,,,
Unprovoked,walking,,,,,,,,,,,,,,,,,,
Unprovoked,feeding,sharks,,,,,,,,,,,,,,,,,
Unprovoked,sup,foil,boarding,,,,,,,,,,,,,,,,
Unprovoked,photographing,,,,,,,,,,,,,,,,,,
Unprovoked,fishing,,,,,,,,,,,,,,,,,,
Unprovoked,surfing,,,,,,,,,,,,,,,,,,
Unprovoked,swimming,,,,,,,,,,,,,,,,,,
Unprovoked,surfing,,,,,,,,,,,,,,,,,,
Unprovoked,surfing,,,,,,,,,,,,,,,,,,
Unprovoked,snorkeling,,,,,,,,,,,,,,,,,,
Unprovoked,surfing,,,,,,,,,,,,,,,,,,
Unprovoked,surfing,,,,,,,,,,,,,,,,,,
Unprovoked,free,diving,,,,,,,,,,,,,,,,,
Unprovoked,surfing,,,,,,,,,,,,,,,,,,
Unprovoked,boogie,boarding,,,,,,,,,,,,,,,,,
Unprovoked,paddle,boarding,,,,,,,,,,,,,,,,,
Unprovoked,boogie,boarding,,,,,,,,,,,,,,,,,
Unprovoked,surfing,,,,,,,,,,,,,,,,,,
Unprovoked,surfing,,,,,,,,,,,,,,,,,,
Unprovoked,surfing,,,,,,,,,,,,,,,,,,
Unprovoked,surfing,,,,,,,,,,,,,,,,,,
Unprovoked,jumping,,,,,,,,,,,,,,,,,,
Unprovoked,floating,near,boat,observing,bioluminesce,,,,,,,,,,,,,,
Unprovoked,boarding,,,,,,,,,,,,,,,,,,
Unprovoked,surfing,,,,,,,,,,,,,,,,,,
Unprovoked,surfing,,,,,,,,,,,,,,,,,,
Unprovoked,fishing,,,,,,,,,,,,,,,,,,
Unprovoked,surfing,,,,,,,,,,,,,,,,,,
Unprovoked,surfing,,,,,,,,,,,,,,,,,,
Unprovoked,surfing,,,,,,,,,,,,,,,,,,
Unprovoked,snorkeling,,,,,,,,,,,,,,,,,,
Unprovoked,walking,,,,,,,,,,,,,,,,,,
Unprovoked,surfing,,,,,,,,,,,,,,,,,,
Unprovoked,surfing,,,,,,,,,,,,,,,,,,
Unprovoked,swimming,,,,,,,,,,,,,,,,,,
Unprovoked,surfing,,,,,,,,,,,,,,,,,,
Unprovoked,sitting,surfboard,,,,,,,,,,,,,,,,,
Unprovoked,surfing,,,,,,,,,,,,,,,,,,
Unprovoked,surfing,,,,,,,,,,,,,,,,,,
Unprovoked,surfing,paddling,shorewards,,,,,,,,,,,,,,,,
Unprovoked,diving,diving,but,surface,,,,,,,,,,,,,,,
Unprovoked,surfing,,,,,,,,,,,,,,,,,,
Unprovoked,diving,abalone,hookah,,,,,,,,,,,,,,,,
Unprovoked,swimming,,,,,,,,,,,,,,,,,,
Unprovoked,paddle,boarding,,,,,,,,,,,,,,,,,
Unprovoked,standing,wading,,,,,,,,,,,,,,,,,
Provoked,fishing,,,,,,,,,,,,,,,,,,
Unprovoked,wading,,,,,,,,,,,,,,,,,,
Unprovoked,diving,diving,lobsters,,,,,,,,,,,,,,,,
Provoked,diving,diving,attempting,catch,a,captive,,,,,,,,,,,,,
Provoked,attempting,net,in,channel,,,,,,,,,,,,,,,
Provoked,spearfishing,diving,,,,,,,,,,,,,,,,,
Unprovoked,standing,,,,,,,,,,,,,,,,,,
Provoked,fishing,,,,,,,,,,,,,,,,,,